id_achat,id_client,date_achat,montant,produit
1,1,2025-05-05,771.74,Webcam
2,1,2025-09-03,507.88,Webcam
3,1,2025-06-09,966.61,Headphones
4,1,2025-01-21,803.25,Tablet
5,1,2025-05-15,874.27,Laptop
6,1,2025-03-14,644.77,Mouse
7,1,2025-11-27,559.0,Phone
8,2,2025-08-19,852.65,Monitor
9,2,2025-10-26,93.04,Tablet
10,2,2025-07-31,280.06,Charger
11,2,2025-09-14,155.88,Webcam
12,2,2025-04-01,100.8,Headphones
13,2,2025-11-14,818.54,Mouse
14,2,2025-12-22,931.17,Webcam
15,2,2025-12-10,62.72,Charger
16,3,2025-10-06,243.42,Phone
17,3,2025-08-17,381.16,Laptop
18,3,2025-03-28,325.5,Phone
19,3,2025-03-13,840.78,Mouse
20,3,2025-05-10,793.47,Tablet
21,5,2025-02-23,918.22,Speaker
22,5,2025-08-01,699.11,Tablet
23,5,2025-12-29,761.25,Speaker
24,5,2025-02-01,454.12,Laptop
25,6,2025-03-05,28.81,Headphones
26,7,2025-05-25,553.32,Charger
27,7,2025-02-12,429.02,Monitor
28,8,2025-12-02,308.14,Laptop
29,8,2025-12-23,246.06,Speaker
30,8,2025-09-15,72.18,Speaker
31,9,2025-04-01,540.69,Charger
32,9,2025-03-18,579.3,Tablet
33,9,2026-01-15,298.36,Laptop
34,9,2025-04-13,618.66,Headphones
35,9,2025-12-20,574.96,Tablet
36,9,2025-10-27,667.73,Phone
37,9,2025-01-27,528.25,Mouse
38,9,2025-12-05,77.0,Charger
39,9,2025-12-29,548.64,Charger
40,10,2025-03-04,30.13,Speaker
41,10,2025-12-30,53.1,Webcam
42,10,2025-01-27,981.23,Monitor
43,10,2025-12-01,749.84,Mouse
44,10,2025-11-26,790.63,Mouse
45,10,2025-04-04,248.71,Phone
46,10,2025-02-05,773.79,Mouse
47,10,2025-06-27,142.08,Mouse
48,11,2025-03-31,345.16,Tablet
49,11,2025-10-27,832.08,Speaker
50,11,2025-08-22,981.01,Speaker
51,11,2025-03-04,635.42,Tablet
52,11,2026-01-07,72.47,Speaker
53,11,2025-07-22,46.61,Headphones
54,11,2025-08-17,53.37,Headphones
55,11,2025-07-26,886.93,Mouse
56,12,2025-03-18,520.23,Charger
57,12,2025-04-04,478.67,Laptop
58,12,2025-12-28,755.76,Headphones
59,12,2025-10-16,293.25,Laptop
60,13,2025-05-29,338.61,Phone
61,13,2026-01-17,801.35,Webcam
62,13,2025-06-18,890.59,Speaker
63,13,2025-04-04,895.69,Webcam
64,13,2025-02-20,345.65,Tablet
65,13,2025-07-22,501.24,Speaker
66,13,2025-07-11,373.67,Charger
67,13,2025-07-23,274.05,Phone
68,13,2025-12-29,729.81,Phone
69,13,2025-01-23,436.3,Tablet
70,14,2025-06-06,300.83,Phone
71,14,2025-06-20,89.27,Monitor
72,14,2026-01-04,313.43,Webcam
73,14,2025-02-23,174.98,Speaker
74,14,2025-05-29,358.03,Laptop
75,14,2025-05-11,729.55,Mouse
76,14,2025-02-10,618.7,Webcam
77,14,2025-12-30,281.81,Laptop
78,15,2025-09-13,674.47,Webcam
79,16,2025-04-11,517.96,Tablet
80,16,2025-10-01,953.26,Tablet
81,16,2025-09-13,850.18,Speaker
82,16,2025-11-10,44.45,Phone
83,16,2025-12-04,243.64,Mouse
84,17,2025-01-23,389.03,Laptop
85,17,2026-01-05,609.04,Speaker
86,17,2025-10-12,949.34,Mouse
87,17,2025-12-12,449.5,Phone
88,17,2025-02-03,578.18,Charger
89,18,2025-11-24,404.05,Monitor
90,18,2025-03-23,257.12,Phone
91,18,2025-01-21,35.65,Tablet
92,18,2025-07-26,504.05,Webcam
93,18,2025-03-10,914.41,Phone
94,19,2025-07-08,777.21,Speaker
95,19,2025-02-01,222.42,Monitor
96,19,2025-08-24,697.04,Speaker
97,19,2025-04-04,208.18,Tablet
98,20,2025-10-15,457.52,Speaker
99,21,2025-05-05,812.41,Mouse
100,22,2025-09-01,353.95,Phone
101,22,2025-11-15,554.5,Monitor
102,22,2025-06-20,892.42,Tablet
103,22,2025-03-22,714.69,Tablet
104,22,2025-07-26,795.76,Charger
105,22,2025-03-14,232.0,Headphones
106,22,2025-11-10,794.15,Headphones
107,22,2025-09-19,792.47,Laptop
108,22,2025-05-31,367.29,Mouse
109,22,2025-12-22,472.73,Charger
110,23,2025-11-01,615.83,Phone
111,23,2025-01-28,75.09,Webcam
112,24,2025-04-02,530.44,Webcam
113,24,2025-06-14,825.11,Phone
114,24,2025-06-03,134.07,Mouse
115,24,2025-11-21,645.92,Speaker
116,24,2025-09-02,471.17,Charger
117,24,2025-01-28,351.07,Charger
118,24,2025-01-27,643.4,Tablet
119,25,2025-01-28,438.29,Laptop
120,25,2025-07-09,833.08,Charger
121,26,2025-10-13,311.08,Tablet
122,26,2025-03-11,329.43,Headphones
123,27,2025-06-16,948.01,Charger
124,27,2025-08-03,895.98,Phone
125,27,2025-10-24,258.1,Charger
126,27,2025-10-09,281.71,Monitor
127,27,2025-03-21,618.28,Phone
128,28,2025-02-23,644.58,Tablet
129,28,2025-05-25,179.49,Mouse
130,28,2025-04-09,844.1,Laptop
131,28,2025-06-20,826.98,Laptop
132,28,2025-02-11,90.41,Monitor
133,28,2026-01-07,654.62,Webcam
134,28,2025-07-06,621.93,Laptop
135,28,2025-06-18,503.06,Charger
136,29,2025-12-12,645.49,Monitor
137,29,2025-06-28,488.12,Webcam
138,29,2025-11-27,304.46,Phone
139,29,2025-11-10,691.73,Tablet
140,30,2025-01-18,421.47,Speaker
141,30,2025-07-11,211.98,Tablet
142,30,2025-12-13,319.46,Mouse
143,30,2025-04-22,736.86,Mouse
144,30,2025-05-16,975.62,Tablet
145,30,2025-08-03,763.06,Charger
146,30,2026-01-03,566.03,Mouse
147,31,2025-09-19,471.81,Monitor
148,31,2025-02-22,455.1,Tablet
149,31,2025-07-17,105.84,Monitor
150,32,2025-11-18,865.52,Webcam
151,32,2025-08-15,255.79,Tablet
152,32,2025-03-05,815.34,Mouse
153,32,2025-07-25,197.94,Tablet
154,32,2025-11-08,503.28,Charger
155,32,2025-03-11,472.15,Monitor
156,33,2025-09-16,32.94,Webcam
157,33,2025-10-17,510.39,Headphones
158,33,2025-10-07,222.99,Mouse
159,33,2025-05-01,58.17,Monitor
160,33,2025-08-31,499.95,Speaker
161,33,2025-04-19,292.89,Laptop
162,33,2025-04-19,848.7,Webcam
163,34,2025-10-12,883.63,Mouse
164,34,2025-05-08,766.22,Mouse
165,36,2025-10-05,60.65,Charger
166,36,2025-07-06,202.71,Charger
167,36,2025-08-22,295.72,Webcam
168,36,2025-07-26,509.21,Charger
169,36,2026-01-14,286.92,Phone
170,36,2025-04-25,137.38,Phone
171,37,2025-12-13,379.47,Mouse
172,37,2025-05-18,562.25,Mouse
173,37,2025-06-04,757.42,Headphones
174,37,2025-03-12,606.44,Webcam
175,37,2025-10-14,505.08,Laptop
176,37,2025-11-25,48.52,Mouse
177,38,2025-10-18,524.14,Tablet
178,38,2025-11-06,610.2,Charger
179,38,2025-09-06,148.38,Mouse
180,38,2025-11-04,170.88,Monitor
181,38,2026-01-11,597.79,Charger
182,38,2025-01-23,830.01,Charger
183,38,2025-09-07,494.95,Monitor
184,39,2025-11-19,817.59,Mouse
185,39,2025-04-15,337.93,Phone
186,39,2025-06-12,980.1,Monitor
187,39,2025-01-22,798.79,Laptop
188,39,2025-07-12,600.94,Monitor
189,39,2025-11-27,967.4,Headphones
190,39,2025-03-27,724.19,Speaker
191,40,2025-12-02,528.99,Webcam
192,40,2026-01-08,156.3,Headphones
193,42,2025-06-15,948.72,Phone
194,42,2026-01-16,198.88,Speaker
195,42,2025-07-02,320.56,Tablet
196,42,2025-04-24,418.83,Headphones
197,42,2025-06-27,416.27,Speaker
198,42,2025-10-17,874.09,Laptop
199,42,2025-09-14,708.72,Charger
200,42,2025-07-25,215.27,Mouse
201,42,2025-05-21,998.14,Speaker
202,43,2026-01-17,383.06,Tablet
203,43,2025-03-27,465.07,Charger
204,43,2025-05-22,348.9,Mouse
205,43,2025-12-03,679.11,Monitor
206,43,2025-10-27,613.98,Headphones
207,43,2025-07-04,957.76,Monitor
208,43,2025-02-22,562.51,Headphones
209,43,2025-11-27,942.07,Monitor
210,44,2025-10-24,707.85,Speaker
211,44,2025-04-24,323.87,Mouse
212,44,2025-10-31,564.88,Monitor
213,44,2025-06-23,294.91,Charger
214,45,2025-01-27,896.8,Webcam
215,45,2025-08-04,820.19,Tablet
216,45,2025-02-21,297.55,Monitor
217,45,2026-01-09,955.76,Phone
218,45,2025-11-17,352.9,Speaker
219,45,2025-03-03,659.41,Speaker
220,46,2025-10-05,210.05,Charger
221,46,2025-03-05,278.42,Charger
222,46,2025-05-25,699.21,Tablet
223,47,2025-07-02,619.52,Headphones
224,48,2025-08-08,60.26,Charger
225,48,2025-12-27,233.41,Headphones
226,48,2026-01-06,61.97,Webcam
227,49,2026-01-08,720.18,Phone
228,49,2025-03-25,684.38,Tablet
229,49,2025-11-14,15.13,Charger
230,49,2025-12-08,978.13,Tablet
231,49,2025-07-23,412.84,Speaker
232,50,2025-03-10,654.03,Monitor
233,50,2025-09-24,327.96,Laptop
234,50,2025-10-28,908.86,Phone
235,50,2025-03-31,655.78,Headphones
236,50,2025-10-17,539.8,Laptop
237,50,2025-07-29,914.1,Tablet
238,50,2025-10-30,423.71,Tablet
239,52,2025-08-12,790.08,Tablet
240,52,2025-07-31,937.24,Monitor
241,52,2025-02-04,877.98,Laptop
242,52,2025-08-01,305.41,Phone
243,52,2025-08-03,929.17,Mouse
244,52,2025-09-28,291.72,Charger
245,53,2026-01-17,498.97,Tablet
246,53,2025-03-20,852.55,Speaker
247,53,2025-03-17,280.11,Phone
248,53,2025-09-24,337.38,Speaker
249,53,2025-09-07,651.8,Tablet
250,53,2025-11-28,23.94,Mouse
251,53,2025-04-10,792.86,Headphones
252,53,2025-12-24,183.74,Webcam
253,54,2025-10-07,520.13,Phone
254,54,2025-08-03,406.82,Phone
255,54,2026-01-02,192.93,Tablet
256,54,2025-06-22,482.68,Headphones
257,54,2025-04-02,16.76,Webcam
258,54,2025-02-04,243.17,Monitor
259,55,2026-01-07,308.93,Laptop
260,55,2025-06-13,268.94,Mouse
261,55,2025-06-09,695.84,Laptop
262,55,2025-07-27,671.11,Speaker
263,55,2025-06-21,313.74,Webcam
264,56,2025-07-11,507.5,Monitor
265,56,2025-05-15,693.39,Monitor
266,56,2025-10-09,373.87,Headphones
267,56,2025-05-07,226.94,Tablet
268,56,2025-02-14,483.4,Speaker
269,56,2025-10-04,750.26,Mouse
270,56,2025-09-19,421.69,Charger
271,56,2025-04-04,913.67,Charger
272,56,2025-10-13,803.98,Headphones
273,56,2025-08-23,764.24,Phone
274,57,2025-02-11,452.28,Mouse
275,57,2025-10-21,87.32,Phone
276,57,2025-03-10,71.14,Charger
277,57,2025-07-13,903.86,Headphones
278,57,2025-03-17,576.97,Tablet
279,57,2026-01-08,172.89,Charger
280,57,2026-01-10,447.42,Headphones
281,57,2026-01-11,719.75,Speaker
282,58,2025-06-10,899.9,Speaker
283,60,2025-03-17,140.62,Webcam
284,60,2025-06-20,462.23,Laptop
285,60,2025-08-22,563.21,Monitor
286,60,2025-04-18,726.05,Webcam
287,60,2025-05-26,261.91,Laptop
288,60,2025-04-10,748.35,Phone
289,60,2025-12-31,54.84,Mouse
290,61,2025-03-10,545.75,Laptop
291,62,2025-06-13,986.28,Speaker
292,64,2025-10-10,414.78,Tablet
293,64,2025-08-20,768.17,Webcam
294,64,2025-09-21,380.72,Webcam
295,64,2025-04-03,454.05,Webcam
296,65,2025-03-11,89.45,Charger
297,65,2025-04-28,141.66,Mouse
298,65,2025-05-17,127.45,Charger
299,65,2025-09-08,399.13,Tablet
300,65,2025-07-27,730.58,Headphones
301,65,2025-07-28,836.47,Laptop
302,66,2025-10-27,468.37,Charger
303,66,2025-08-25,429.89,Webcam
304,66,2025-04-12,825.13,Headphones
305,66,2025-06-27,466.02,Tablet
306,67,2025-11-14,196.6,Phone
307,67,2025-08-04,41.9,Webcam
308,67,2025-08-29,618.77,Laptop
309,67,2025-03-15,248.26,Phone
310,68,2025-12-06,598.0,Speaker
311,69,2025-10-21,675.3,Laptop
312,69,2025-10-08,252.29,Laptop
313,69,2025-12-04,408.24,Headphones
314,69,2025-12-31,544.36,Laptop
315,69,2025-02-01,148.73,Monitor
316,69,2025-11-20,241.82,Mouse
317,69,2025-04-21,581.7,Mouse
318,69,2025-09-04,244.53,Tablet
319,69,2025-06-22,985.84,Charger
320,70,2025-03-20,419.42,Monitor
321,70,2025-10-04,70.35,Tablet
322,70,2025-11-30,629.73,Webcam
323,71,2025-07-15,500.66,Mouse
324,71,2025-05-04,942.17,Webcam
325,71,2025-07-28,787.95,Mouse
326,71,2025-02-19,699.35,Webcam
327,71,2025-10-12,157.73,Webcam
328,71,2026-01-04,192.04,Charger
329,71,2025-11-30,478.78,Headphones
330,71,2025-04-16,307.73,Tablet
331,72,2025-11-25,915.59,Charger
332,72,2025-07-17,418.55,Webcam
333,72,2025-10-01,561.71,Tablet
334,72,2025-06-25,394.53,Monitor
335,72,2025-02-07,211.3,Phone
336,72,2025-02-25,923.0,Mouse
337,72,2025-10-26,101.54,Headphones
338,74,2025-11-22,383.4,Laptop
339,74,2025-10-13,874.88,Headphones
340,74,2025-12-15,806.6,Charger
341,74,2025-09-09,224.85,Headphones
342,75,2025-05-18,310.16,Laptop
343,75,2025-09-19,219.69,Headphones
344,75,2025-04-19,962.46,Phone
345,75,2025-05-28,749.41,Speaker
346,75,2025-01-22,915.3,Headphones
347,76,2025-10-05,915.98,Charger
348,76,2025-07-14,328.4,Monitor
349,76,2025-08-20,386.86,Charger
350,76,2025-04-09,652.23,Monitor
351,76,2025-06-25,268.95,Charger
352,76,2025-04-25,883.98,Speaker
353,77,2026-01-18,804.79,Speaker
354,78,2025-11-16,915.19,Mouse
355,78,2025-07-15,319.79,Laptop
356,78,2025-08-28,566.9,Headphones
357,78,2025-08-13,743.84,Laptop
358,78,2025-08-28,268.17,Webcam
359,79,2025-12-02,160.89,Mouse
360,79,2025-09-19,237.72,Headphones
361,79,2025-02-02,504.31,Mouse
362,79,2025-02-26,264.75,Speaker
363,80,2025-11-20,742.2,Speaker
364,80,2025-09-10,176.55,Mouse
365,80,2025-02-23,177.57,Charger
366,80,2025-02-21,493.43,Charger
367,80,2026-01-06,990.42,Laptop
368,80,2025-04-15,528.7,Phone
369,80,2025-08-18,945.74,Laptop
370,80,2025-10-04,766.7,Webcam
371,80,2025-08-26,146.12,Headphones
372,80,2025-11-12,77.29,Tablet
373,82,2025-10-07,510.68,Mouse
374,82,2025-02-01,69.85,Speaker
375,82,2025-09-11,662.69,Laptop
376,84,2025-06-28,556.13,Laptop
377,84,2025-07-05,26.56,Monitor
378,84,2025-11-30,540.38,Monitor
379,84,2025-01-31,26.97,Webcam
380,84,2025-06-12,808.11,Tablet
381,84,2025-11-08,115.95,Phone
382,84,2025-10-17,529.14,Headphones
383,84,2025-06-25,200.01,Charger
384,85,2025-12-16,817.06,Monitor
385,85,2025-04-07,796.99,Phone
386,85,2025-03-25,379.32,Webcam
387,85,2025-09-05,464.41,Headphones
388,86,2025-05-18,306.97,Phone
389,86,2025-05-04,657.2,Laptop
390,86,2025-06-17,102.57,Webcam
391,87,2025-01-28,557.17,Laptop
392,87,2025-07-04,640.38,Tablet
393,87,2025-12-10,91.86,Webcam
394,87,2025-05-29,648.46,Mouse
395,87,2025-09-24,570.2,Phone
396,87,2025-05-26,895.84,Laptop
397,88,2026-01-06,219.3,Speaker
398,88,2025-04-29,278.38,Phone
399,88,2025-10-31,687.58,Monitor
400,89,2025-05-16,567.87,Laptop
401,89,2025-09-30,187.56,Mouse
402,89,2025-09-07,25.5,Headphones
403,89,2025-10-26,591.17,Webcam
404,89,2025-03-17,929.59,Monitor
405,89,2025-08-10,170.83,Headphones
406,89,2025-11-30,571.03,Webcam
407,89,2025-09-12,680.26,Charger
408,90,2025-10-16,390.01,Tablet
409,90,2025-10-20,792.59,Phone
410,90,2025-10-30,505.78,Mouse
411,90,2025-03-21,63.16,Webcam
412,90,2025-07-19,239.82,Phone
413,91,2025-02-19,609.12,Webcam
414,91,2025-05-26,969.23,Mouse
415,91,2025-08-02,39.33,Monitor
416,91,2025-11-08,785.71,Speaker
417,91,2026-01-06,495.7,Mouse
418,92,2025-05-13,941.73,Webcam
419,92,2025-05-09,193.88,Webcam
420,92,2025-12-18,94.84,Monitor
421,92,2025-02-20,800.07,Phone
422,92,2025-06-15,91.22,Tablet
423,92,2025-09-02,386.2,Tablet
424,92,2025-09-09,742.26,Mouse
425,92,2025-10-21,367.09,Phone
426,94,2025-04-01,450.29,Monitor
427,94,2025-11-27,111.21,Phone
428,94,2025-07-14,195.52,Speaker
429,94,2025-05-21,561.42,Charger
430,95,2025-06-27,112.26,Phone
431,95,2025-05-30,360.38,Phone
432,95,2025-03-17,600.96,Mouse
433,95,2025-03-20,865.08,Laptop
434,95,2025-01-23,298.93,Webcam
435,95,2025-03-28,781.38,Charger
436,96,2025-05-11,576.24,Tablet
437,96,2025-07-22,688.46,Tablet
438,96,2025-09-10,147.45,Monitor
439,97,2025-05-06,498.19,Phone
440,97,2025-08-10,175.54,Monitor
441,97,2025-03-24,426.89,Speaker
442,97,2025-09-01,784.84,Mouse
443,98,2025-02-14,944.78,Speaker
444,98,2025-02-21,597.87,Headphones
445,98,2025-10-05,463.28,Tablet
446,98,2025-12-18,311.61,Webcam
447,99,2025-09-17,843.2,Webcam
448,99,2025-11-25,806.04,Mouse
449,99,2025-03-12,445.82,Webcam
450,99,2025-05-22,817.32,Tablet
451,99,2025-05-27,307.43,Headphones
452,100,2025-03-07,321.04,Webcam
453,100,2025-06-07,969.04,Monitor
454,100,2025-11-23,737.53,Speaker
455,100,2025-10-14,968.09,Headphones
456,100,2025-12-04,332.63,Monitor
457,100,2025-11-06,818.33,Webcam
458,100,2025-08-30,371.37,Headphones
459,101,2026-01-08,997.29,Tablet
460,101,2025-05-16,684.9,Charger
461,101,2025-04-10,36.65,Speaker
462,101,2025-11-16,943.55,Headphones
463,101,2025-04-18,444.07,Monitor
464,101,2025-03-15,832.97,Phone
465,101,2026-01-16,820.78,Webcam
466,101,2025-01-27,676.25,Tablet
467,101,2025-04-10,637.0,Headphones
468,102,2025-09-29,662.08,Webcam
469,102,2025-04-08,791.19,Phone
470,102,2025-12-04,454.58,Speaker
471,102,2025-06-28,586.42,Charger
472,103,2025-11-11,924.26,Webcam
473,103,2025-03-12,548.21,Mouse
474,103,2025-05-06,704.62,Charger
475,103,2026-01-06,597.88,Phone
476,103,2025-11-27,118.28,Headphones
477,103,2025-07-13,661.03,Mouse
478,103,2025-06-27,174.68,Laptop
479,103,2025-08-09,567.59,Webcam
480,104,2026-01-18,966.06,Webcam
481,104,2025-03-29,114.89,Phone
482,104,2025-03-27,266.15,Charger
483,104,2025-07-26,749.38,Charger
484,104,2025-06-13,584.71,Headphones
485,105,2025-08-16,380.38,Speaker
486,105,2025-12-14,774.62,Charger
487,105,2025-06-08,159.24,Laptop
488,105,2025-04-23,487.94,Monitor
489,105,2025-11-05,421.82,Phone
490,105,2025-05-31,124.91,Tablet
491,105,2025-11-07,354.85,Mouse
492,106,2025-06-24,786.43,Charger
493,106,2025-05-31,488.1,Speaker
494,106,2025-12-22,106.65,Speaker
495,106,2025-04-13,325.72,Monitor
496,106,2025-08-03,54.24,Phone
497,106,2025-02-15,32.36,Mouse
498,106,2025-09-28,651.49,Tablet
499,107,2025-05-15,520.83,Charger
500,107,2025-11-16,168.53,Charger
501,107,2025-10-02,432.11,Speaker
502,108,2025-11-05,799.78,Tablet
503,108,2025-08-17,194.52,Webcam
504,108,2025-02-22,401.63,Headphones
505,109,2025-12-19,596.28,Webcam
506,109,2026-01-13,14.41,Headphones
507,109,2025-10-04,213.73,Phone
508,109,2025-08-01,581.57,Charger
509,109,2025-02-25,195.09,Mouse
510,109,2025-11-16,205.1,Phone
511,109,2025-04-11,269.73,Speaker
512,110,2025-05-25,966.26,Mouse
513,110,2025-10-01,601.0,Webcam
514,110,2026-01-10,591.13,Mouse
515,110,2025-11-14,358.47,Speaker
516,110,2025-04-09,621.19,Monitor
517,110,2025-04-26,919.5,Phone
518,110,2025-11-20,675.39,Mouse
519,110,2025-07-05,126.68,Monitor
520,111,2025-06-27,191.21,Tablet
521,112,2025-08-22,394.58,Tablet
522,112,2025-02-10,579.06,Webcam
523,112,2026-01-17,193.9,Charger
524,112,2025-01-26,696.5,Tablet
525,112,2025-07-01,559.36,Speaker
526,112,2025-09-13,295.95,Tablet
527,112,2025-12-11,321.43,Speaker
528,112,2025-07-11,623.22,Mouse
529,114,2025-10-03,145.17,Webcam
530,114,2025-02-10,964.19,Charger
531,114,2025-05-27,656.54,Webcam
532,114,2026-01-02,687.85,Webcam
533,114,2025-04-29,713.04,Speaker
534,114,2025-04-20,493.81,Phone
535,114,2025-12-12,569.74,Headphones
536,115,2025-01-28,42.37,Headphones
537,115,2025-08-24,542.23,Tablet
538,115,2025-06-24,782.93,Speaker
539,115,2025-10-24,554.23,Phone
540,116,2025-03-07,123.06,Charger
541,116,2025-06-12,825.05,Mouse
542,116,2025-09-17,546.62,Laptop
543,116,2025-05-11,762.4,Speaker
544,116,2025-09-30,550.89,Webcam
545,116,2025-05-09,111.39,Headphones
546,116,2025-04-13,304.73,Laptop
547,116,2025-11-06,455.24,Mouse
548,116,2025-07-22,863.58,Phone
549,117,2025-06-16,866.64,Phone
550,117,2025-10-25,777.88,Headphones
551,117,2026-01-11,217.78,Mouse
552,117,2025-08-20,862.44,Webcam
553,117,2025-11-29,174.32,Tablet
554,117,2026-01-08,787.0,Headphones
555,117,2025-02-06,807.39,Mouse
556,118,2025-10-21,288.27,Charger
557,118,2025-08-21,176.69,Monitor
558,118,2025-10-28,296.44,Monitor
559,118,2025-02-12,952.87,Charger
560,118,2025-02-10,985.63,Phone
561,118,2025-06-18,144.23,Webcam
562,118,2025-03-18,919.58,Monitor
563,118,2025-03-30,868.38,Tablet
564,119,2026-01-11,257.18,Mouse
565,119,2025-10-28,830.2,Webcam
566,120,2026-01-15,150.75,Monitor
567,120,2025-11-19,631.53,Webcam
568,120,2025-01-28,457.47,Phone
569,120,2025-12-23,408.82,Monitor
570,120,2025-10-11,697.76,Mouse
571,120,2025-05-19,460.15,Speaker
572,120,2025-02-21,334.02,Laptop
573,121,2025-06-14,733.62,Speaker
574,122,2025-10-01,667.5,Mouse
575,122,2025-09-25,851.61,Charger
576,122,2025-11-08,403.74,Webcam
577,122,2025-06-06,826.6,Speaker
578,122,2025-07-10,275.85,Monitor
579,122,2025-11-24,344.38,Tablet
580,122,2025-03-25,570.48,Speaker
581,122,2025-05-11,790.42,Laptop
582,122,2025-03-23,55.48,Speaker
583,122,2025-06-24,26.12,Tablet
584,123,2025-04-20,461.95,Webcam
585,123,2025-02-20,210.3,Tablet
586,123,2025-04-23,883.33,Monitor
587,123,2025-04-01,167.39,Monitor
588,123,2025-05-26,102.41,Mouse
589,123,2025-09-11,257.89,Mouse
590,123,2025-02-16,667.86,Tablet
591,125,2025-07-02,629.35,Headphones
592,125,2025-02-21,434.94,Phone
593,125,2025-04-22,706.66,Laptop
594,125,2025-12-05,221.29,Phone
595,125,2025-02-09,141.37,Headphones
596,125,2025-08-09,524.25,Speaker
597,128,2025-09-24,818.94,Webcam
598,128,2025-02-21,697.09,Speaker
599,128,2025-01-18,80.12,Webcam
600,128,2026-01-13,98.44,Phone
601,128,2025-01-22,112.17,Mouse
602,129,2025-05-17,145.76,Tablet
603,129,2025-05-10,645.16,Tablet
604,129,2025-11-06,77.73,Laptop
605,129,2025-08-13,614.22,Tablet
606,130,2025-06-04,357.68,Headphones
607,130,2025-02-12,631.8,Tablet
608,130,2025-03-22,920.7,Speaker
609,130,2025-09-07,861.36,Phone
610,130,2025-07-19,897.63,Tablet
611,130,2025-08-01,754.92,Webcam
612,130,2026-01-10,358.02,Webcam
613,131,2025-02-22,793.17,Headphones
614,131,2025-09-25,284.2,Phone
615,131,2025-03-15,255.69,Monitor
616,131,2025-06-03,781.18,Laptop
617,131,2025-03-23,849.41,Monitor
618,132,2025-06-28,522.57,Charger
619,132,2025-11-23,196.76,Webcam
620,132,2025-10-27,302.59,Laptop
621,133,2025-07-22,499.94,Phone
622,133,2025-11-12,248.67,Phone
623,133,2025-06-29,533.0,Laptop
624,134,2025-09-02,934.59,Tablet
625,134,2025-12-26,392.97,Webcam
626,134,2025-12-09,371.76,Tablet
627,134,2025-11-04,765.1,Phone
628,134,2025-03-03,26.52,Phone
629,136,2025-12-25,223.59,Laptop
630,136,2025-12-26,949.19,Webcam
631,136,2025-02-26,511.54,Charger
632,136,2025-09-24,769.44,Webcam
633,137,2025-08-21,91.6,Charger
634,137,2025-03-20,542.28,Tablet
635,137,2025-02-23,284.69,Monitor
636,137,2025-03-29,88.23,Headphones
637,137,2025-03-15,974.57,Tablet
638,137,2025-08-30,541.03,Webcam
639,138,2025-05-21,637.95,Phone
640,138,2025-07-03,317.07,Webcam
641,138,2025-09-16,732.66,Headphones
642,138,2025-11-18,67.33,Phone
643,138,2025-10-31,925.38,Phone
644,138,2025-12-29,458.84,Laptop
645,138,2025-09-19,316.2,Tablet
646,138,2025-02-10,128.25,Tablet
647,138,2025-04-18,704.48,Tablet
648,139,2025-03-10,953.49,Charger
649,139,2026-01-04,522.05,Monitor
650,139,2025-07-16,175.29,Tablet
651,139,2025-11-04,752.28,Monitor
652,139,2025-02-02,735.61,Phone
653,139,2025-02-08,773.72,Laptop
654,139,2026-01-12,341.66,Webcam
655,140,2025-07-12,528.62,Monitor
656,140,2025-11-22,715.2,Phone
657,140,2025-09-16,501.19,Charger
658,140,2025-10-21,366.52,Speaker
659,141,2025-08-22,175.21,Tablet
660,141,2025-11-24,262.56,Phone
661,141,2025-02-20,895.33,Phone
662,141,2025-09-14,236.12,Charger
663,141,2025-12-17,12.54,Laptop
664,141,2025-08-12,252.11,Speaker
665,141,2025-10-02,370.34,Tablet
666,141,2025-07-27,187.17,Laptop
667,141,2025-10-22,557.34,Webcam
668,142,2025-09-10,328.58,Webcam
669,142,2025-05-01,916.7,Mouse
670,142,2025-03-08,278.55,Phone
671,143,2025-10-24,379.08,Charger
672,143,2025-05-05,676.59,Laptop
673,143,2025-09-04,187.55,Charger
674,143,2025-06-14,981.6,Webcam
675,143,2025-06-05,78.24,Speaker
676,143,2025-07-16,867.37,Monitor
677,143,2025-07-16,334.03,Charger
678,143,2025-05-15,462.18,Mouse
679,143,2025-07-14,208.66,Monitor
680,144,2025-06-09,250.16,Mouse
681,144,2025-07-19,595.77,Speaker
682,144,2025-11-01,997.81,Headphones
683,144,2025-05-03,735.14,Charger
684,144,2025-09-25,762.88,Headphones
685,144,2025-02-07,159.06,Webcam
686,144,2025-11-18,33.67,Charger
687,144,2025-03-27,352.96,Laptop
688,144,2025-02-19,951.48,Laptop
689,145,2025-12-10,382.51,Monitor
690,145,2025-10-18,112.91,Charger
691,145,2025-08-15,983.28,Webcam
692,145,2025-03-22,497.11,Laptop
693,145,2025-05-12,972.83,Tablet
694,145,2025-02-04,714.54,Phone
695,145,2025-01-28,53.46,Headphones
696,145,2026-01-06,898.31,Charger
697,145,2025-06-07,418.93,Mouse
698,145,2025-05-26,463.87,Phone
699,146,2025-08-02,104.62,Tablet
700,146,2025-11-15,640.84,Webcam
701,146,2025-09-25,84.08,Laptop
702,146,2025-06-25,440.63,Tablet
703,146,2025-07-23,244.4,Monitor
704,146,2025-11-24,852.4,Webcam
705,146,2025-07-23,703.72,Mouse
706,146,2025-09-24,324.88,Monitor
707,146,2025-02-03,241.28,Headphones
708,147,2025-04-06,782.14,Phone
709,147,2025-07-04,163.86,Tablet
710,148,2025-03-26,471.39,Webcam
711,148,2025-04-09,129.53,Mouse
712,148,2025-05-15,964.99,Headphones
713,148,2025-10-06,457.4,Speaker
714,148,2025-07-18,272.36,Phone
715,148,2025-08-15,99.52,Monitor
716,148,2025-08-30,828.12,Laptop
717,149,2025-02-03,837.57,Mouse
718,149,2025-06-06,156.84,Headphones
719,149,2025-12-13,968.72,Webcam
720,150,2025-03-01,58.46,Monitor
721,150,2025-05-04,267.57,Tablet
722,150,2025-12-15,40.77,Webcam
723,150,2025-09-16,856.06,Charger
724,150,2025-12-18,750.6,Headphones
725,150,2025-05-19,103.78,Phone
726,150,2025-03-23,805.86,Tablet
727,150,2025-06-09,130.24,Laptop
728,151,2025-04-11,139.41,Webcam
729,151,2025-12-19,378.52,Phone
730,151,2025-06-14,586.5,Monitor
731,152,2025-03-16,31.58,Phone
732,153,2025-08-25,903.47,Speaker
733,153,2025-09-02,811.21,Phone
734,153,2025-04-22,906.03,Mouse
735,154,2025-12-21,52.27,Speaker
736,156,2025-09-24,924.89,Webcam
737,156,2025-10-04,823.47,Webcam
738,157,2025-12-14,39.19,Webcam
739,157,2025-05-11,181.08,Headphones
740,157,2025-12-28,909.22,Monitor
741,157,2025-09-14,287.06,Tablet
742,157,2025-12-18,44.3,Headphones
743,157,2025-06-16,650.81,Speaker
744,157,2025-01-21,417.87,Charger
745,158,2025-11-15,70.37,Monitor
746,158,2025-06-05,389.19,Webcam
747,158,2025-11-22,207.46,Charger
748,158,2025-03-28,256.66,Charger
749,158,2025-10-30,796.9,Webcam
750,158,2025-04-20,784.1,Mouse
751,158,2025-01-21,484.89,Speaker
752,159,2025-09-28,913.55,Charger
753,159,2025-02-02,328.39,Monitor
754,159,2025-10-25,188.02,Mouse
755,159,2025-03-06,601.15,Laptop
756,159,2025-09-27,896.81,Monitor
757,161,2025-02-12,534.14,Headphones
758,161,2025-02-28,974.24,Phone
759,161,2025-03-17,255.38,Headphones
760,161,2025-11-03,273.86,Laptop
761,161,2025-02-11,766.41,Headphones
762,161,2025-08-02,579.94,Webcam
763,161,2025-03-20,361.26,Tablet
764,162,2025-10-15,244.19,Mouse
765,162,2026-01-02,808.15,Mouse
766,163,2025-10-06,37.92,Mouse
767,163,2025-09-29,948.08,Tablet
768,163,2025-05-02,567.48,Headphones
769,163,2025-05-02,838.33,Speaker
770,163,2025-11-27,546.7,Tablet
771,163,2025-04-23,495.53,Phone
772,163,2025-10-23,65.61,Headphones
773,163,2025-06-11,29.73,Speaker
774,163,2025-12-08,10.68,Headphones
775,164,2025-04-01,347.35,Tablet
776,164,2025-02-18,919.59,Mouse
777,167,2025-11-23,590.74,Tablet
778,167,2025-04-01,776.62,Charger
779,168,2025-07-26,960.95,Mouse
780,168,2025-01-31,707.49,Webcam
781,168,2025-07-12,590.16,Mouse
782,168,2025-02-27,308.75,Tablet
783,168,2025-01-31,976.1,Webcam
784,169,2025-06-09,961.06,Mouse
785,169,2025-02-17,182.46,Charger
786,169,2025-09-28,696.62,Mouse
787,169,2025-02-11,231.0,Tablet
788,169,2025-06-26,384.6,Monitor
789,169,2025-06-02,136.07,Laptop
790,169,2025-10-15,949.3,Webcam
791,169,2025-06-28,852.25,Laptop
792,169,2025-10-26,190.26,Mouse
793,169,2025-09-17,921.83,Headphones
794,170,2025-07-21,569.89,Speaker
795,170,2026-01-09,149.24,Phone
796,170,2025-10-26,245.62,Mouse
797,170,2025-10-10,176.21,Phone
798,170,2025-02-03,823.45,Mouse
799,170,2025-01-23,452.16,Monitor
800,170,2025-03-14,217.59,Phone
801,170,2025-11-28,356.98,Phone
802,170,2025-04-19,723.21,Laptop
803,170,2025-03-23,392.08,Webcam
804,171,2025-07-06,885.71,Speaker
805,171,2025-12-13,882.95,Mouse
806,172,2025-02-07,381.59,Speaker
807,172,2025-06-06,790.84,Headphones
808,172,2025-12-30,171.03,Phone
809,172,2025-07-22,801.2,Laptop
810,172,2025-04-10,301.96,Mouse
811,172,2025-09-04,268.52,Phone
812,172,2025-05-20,83.46,Tablet
813,172,2025-10-08,889.05,Tablet
814,173,2025-01-27,551.58,Phone
815,174,2025-06-28,598.09,Speaker
816,174,2025-11-22,707.46,Webcam
817,174,2025-08-26,943.02,Tablet
818,174,2025-05-03,611.24,Webcam
819,174,2025-03-17,165.53,Phone
820,175,2025-08-06,213.49,Headphones
821,175,2025-05-14,415.19,Charger
822,175,2025-02-27,724.82,Charger
823,175,2025-02-10,272.61,Monitor
824,175,2025-07-26,304.43,Phone
825,177,2025-01-24,576.05,Speaker
826,177,2025-10-08,162.05,Mouse
827,177,2025-10-10,13.78,Phone
828,177,2025-05-15,301.6,Speaker
829,177,2025-02-01,207.68,Laptop
830,177,2025-12-13,214.88,Monitor
831,178,2025-09-25,478.83,Phone
832,179,2025-01-20,787.03,Speaker
833,179,2025-01-19,494.21,Monitor
834,179,2025-02-08,100.23,Charger
835,179,2025-06-08,393.65,Mouse
836,180,2025-08-13,375.71,Speaker
837,180,2025-11-27,54.17,Speaker
838,180,2025-10-23,470.41,Headphones
839,180,2025-01-30,838.71,Laptop
840,180,2025-08-05,159.62,Phone
841,180,2025-01-25,94.85,Mouse
842,181,2025-11-15,419.85,Headphones
843,181,2025-07-11,558.07,Webcam
844,181,2025-08-15,820.22,Webcam
845,181,2025-06-08,965.97,Speaker
846,181,2025-09-25,576.99,Headphones
847,181,2025-06-08,481.5,Phone
848,181,2025-12-17,400.86,Laptop
849,181,2025-04-14,507.08,Charger
850,182,2025-07-16,680.76,Tablet
851,182,2025-04-19,129.08,Speaker
852,182,2026-01-11,181.15,Tablet
853,182,2025-09-08,972.44,Headphones
854,182,2025-07-12,134.92,Webcam
855,182,2025-12-12,87.58,Webcam
856,182,2025-07-03,209.9,Tablet
857,182,2025-12-05,835.77,Monitor
858,182,2025-04-09,326.55,Phone
859,183,2025-05-02,394.22,Webcam
860,184,2025-10-12,332.87,Monitor
861,184,2026-01-05,524.49,Laptop
862,184,2025-06-09,788.69,Charger
863,184,2025-04-22,783.87,Phone
864,184,2025-03-17,420.3,Tablet
865,184,2025-10-15,570.93,Phone
866,184,2025-06-25,925.68,Phone
867,184,2025-05-07,787.89,Charger
868,185,2025-02-02,879.11,Monitor
869,185,2025-06-17,389.21,Speaker
870,185,2025-12-06,576.3,Speaker
871,185,2025-11-25,47.09,Monitor
872,185,2026-01-14,408.94,Webcam
873,187,2025-03-04,890.68,Mouse
874,187,2025-09-04,693.61,Laptop
875,187,2025-04-04,748.29,Monitor
876,187,2025-06-15,898.06,Laptop
877,187,2025-12-07,344.49,Monitor
878,187,2025-07-05,317.84,Speaker
879,188,2025-07-02,107.24,Headphones
880,188,2026-01-01,143.04,Speaker
881,188,2025-07-06,776.29,Mouse
882,188,2025-05-21,276.73,Webcam
883,188,2025-09-18,608.93,Phone
884,188,2025-03-07,196.06,Headphones
885,188,2025-07-30,914.3,Webcam
886,188,2025-04-18,743.54,Charger
887,188,2025-10-05,868.52,Laptop
888,188,2025-08-14,520.12,Tablet
889,189,2025-12-30,318.01,Charger
890,190,2025-10-11,144.29,Charger
891,190,2025-10-31,880.54,Laptop
892,190,2025-05-31,182.0,Headphones
893,190,2025-07-06,838.61,Headphones
894,190,2025-11-29,42.74,Laptop
895,190,2025-11-03,918.85,Headphones
896,191,2025-06-04,374.67,Speaker
897,191,2025-05-10,510.08,Phone
898,191,2025-06-10,684.36,Headphones
899,191,2025-07-09,378.74,Speaker
900,192,2025-08-04,960.92,Speaker
901,192,2025-07-02,591.01,Mouse
902,193,2025-12-15,171.88,Monitor
903,193,2026-01-02,751.47,Phone
904,193,2025-12-02,292.22,Webcam
905,193,2025-06-17,59.15,Headphones
906,193,2025-03-31,858.54,Headphones
907,194,2025-05-21,214.66,Webcam
908,194,2025-12-09,518.15,Laptop
909,194,2025-09-16,479.36,Tablet
910,194,2025-12-26,650.9,Laptop
911,194,2025-06-25,231.53,Monitor
912,194,2025-12-29,715.61,Monitor
913,194,2025-01-26,429.57,Webcam
914,194,2025-04-03,853.07,Speaker
915,194,2025-08-13,259.48,Speaker
916,194,2025-03-22,309.12,Charger
917,195,2026-01-13,403.18,Phone
918,195,2025-09-24,17.27,Mouse
919,195,2025-10-26,565.84,Monitor
920,195,2025-09-09,305.49,Phone
921,195,2025-08-16,486.92,Mouse
922,195,2025-11-07,988.48,Mouse
923,195,2025-03-14,862.88,Monitor
924,195,2025-05-13,659.56,Monitor
925,195,2025-04-17,196.48,Charger
926,196,2025-10-15,900.69,Webcam
927,196,2025-10-24,663.93,Tablet
928,196,2025-07-15,724.07,Speaker
929,197,2025-08-29,266.83,Webcam
930,197,2025-10-24,410.55,Laptop
931,197,2025-07-31,587.19,Headphones
932,197,2025-09-04,349.74,Headphones
933,198,2025-01-30,539.29,Speaker
934,198,2025-02-22,907.46,Mouse
935,198,2025-02-10,512.24,Tablet
936,198,2025-01-25,842.23,Charger
937,198,2025-12-20,189.32,Phone
938,198,2025-12-02,476.07,Monitor
939,198,2025-05-19,727.93,Charger
940,198,2025-02-19,765.29,Tablet
941,198,2025-12-24,947.45,Mouse
942,198,2025-05-28,657.89,Headphones
943,199,2025-10-17,231.09,Monitor
944,199,2026-01-03,426.27,Mouse
945,199,2025-05-10,377.97,Monitor
946,199,2025-02-11,469.12,Phone
947,199,2025-09-03,475.83,Phone
948,200,2025-05-13,890.53,Charger
949,200,2025-12-15,128.62,Webcam
950,200,2025-06-30,534.54,Webcam
951,200,2025-05-21,63.52,Tablet
952,200,2025-03-23,145.99,Headphones
953,200,2025-05-08,349.24,Speaker
954,200,2025-11-07,151.79,Tablet
955,201,2025-03-17,492.71,Tablet
956,202,2025-12-06,638.15,Laptop
957,202,2025-03-18,457.53,Headphones
958,202,2025-03-02,763.58,Tablet
959,202,2025-12-17,580.52,Tablet
960,202,2025-06-16,494.68,Phone
961,203,2025-08-11,618.33,Webcam
962,203,2025-09-05,409.36,Speaker
963,204,2025-10-01,14.62,Charger
964,204,2025-04-30,207.42,Mouse
965,204,2025-11-24,950.57,Mouse
966,204,2025-04-19,759.28,Charger
967,204,2025-02-28,198.67,Laptop
968,204,2025-12-30,630.42,Headphones
969,205,2025-12-16,696.59,Mouse
970,205,2025-02-22,318.97,Phone
971,205,2025-02-01,389.71,Monitor
972,206,2025-12-06,74.63,Laptop
973,206,2025-07-10,305.22,Monitor
974,207,2025-07-11,730.55,Charger
975,207,2025-10-25,344.46,Tablet
976,207,2025-08-20,349.31,Speaker
977,207,2026-01-14,365.66,Headphones
978,207,2025-05-30,173.23,Webcam
979,207,2025-06-28,28.93,Headphones
980,207,2025-08-15,729.9,Tablet
981,208,2025-06-30,736.74,Charger
982,208,2025-01-25,177.29,Mouse
983,208,2025-07-16,714.0,Laptop
984,209,2025-09-20,877.78,Monitor
985,209,2025-05-23,773.54,Laptop
986,209,2025-05-22,597.98,Laptop
987,209,2025-02-18,665.35,Laptop
988,209,2025-06-02,57.75,Phone
989,209,2025-03-23,422.61,Webcam
990,210,2025-09-03,551.81,Speaker
991,211,2025-09-22,213.44,Laptop
992,211,2025-12-19,308.11,Phone
993,212,2025-02-27,525.11,Tablet
994,212,2025-12-26,424.64,Phone
995,212,2026-01-04,516.47,Phone
996,212,2025-03-31,289.88,Phone
997,212,2025-09-07,502.76,Headphones
998,212,2025-05-04,780.18,Charger
999,212,2025-11-04,973.39,Mouse
1000,212,2025-11-01,706.4,Monitor
1001,212,2025-05-27,168.77,Charger
1002,212,2026-01-12,501.39,Headphones
1003,213,2025-07-18,337.3,Laptop
1004,213,2025-09-02,22.62,Phone
1005,213,2025-08-22,907.81,Speaker
1006,213,2026-01-15,157.65,Phone
1007,213,2025-05-31,781.73,Phone
1008,213,2025-04-20,726.33,Phone
1009,213,2025-07-24,905.73,Headphones
1010,214,2026-01-12,988.78,Monitor
1011,214,2025-12-14,271.48,Laptop
1012,214,2025-01-26,108.81,Tablet
1013,214,2025-05-14,875.4,Monitor
1014,214,2025-03-20,366.61,Mouse
1015,214,2025-09-12,431.74,Phone
1016,214,2025-10-01,104.05,Laptop
1017,216,2025-04-24,666.72,Tablet
1018,216,2026-01-17,335.37,Speaker
1019,217,2025-05-21,275.63,Phone
1020,217,2025-04-27,378.9,Mouse
1021,217,2026-01-17,191.04,Webcam
1022,217,2025-09-15,406.25,Speaker
1023,217,2025-09-16,279.11,Webcam
1024,217,2025-05-19,693.0,Speaker
1025,217,2025-01-29,801.9,Tablet
1026,217,2025-12-03,121.93,Laptop
1027,217,2025-12-23,981.75,Tablet
1028,218,2025-01-21,421.87,Speaker
1029,219,2025-08-15,681.61,Tablet
1030,219,2025-05-08,615.21,Mouse
1031,219,2025-04-01,615.24,Tablet
1032,219,2025-07-09,488.25,Speaker
1033,219,2025-06-09,121.81,Webcam
1034,219,2025-09-29,446.28,Phone
1035,219,2025-04-26,269.0,Mouse
1036,219,2025-06-04,22.24,Charger
1037,219,2025-06-01,769.85,Headphones
1038,220,2025-07-24,874.41,Charger
1039,220,2026-01-16,527.87,Phone
1040,220,2025-06-22,438.52,Headphones
1041,220,2025-10-03,487.11,Webcam
1042,220,2025-03-07,157.17,Charger
1043,220,2025-05-24,893.14,Laptop
1044,220,2025-04-23,21.53,Tablet
1045,220,2025-03-29,510.51,Speaker
1046,220,2025-05-01,853.35,Tablet
1047,220,2025-02-17,84.12,Speaker
1048,221,2025-07-01,248.48,Monitor
1049,221,2025-09-20,59.85,Headphones
1050,221,2025-11-08,554.99,Webcam
1051,221,2025-12-18,409.24,Headphones
1052,221,2025-11-29,88.04,Speaker
1053,222,2025-12-11,453.62,Speaker
1054,222,2025-01-26,452.6,Phone
1055,222,2025-03-06,980.86,Laptop
1056,222,2025-10-23,111.62,Webcam
1057,222,2025-04-16,45.47,Charger
1058,222,2025-03-23,10.17,Phone
1059,222,2025-02-10,793.87,Monitor
1060,222,2025-08-15,891.21,Charger
1061,222,2025-04-14,214.78,Speaker
1062,223,2025-02-18,369.71,Laptop
1063,223,2025-02-14,818.42,Speaker
1064,223,2025-10-09,338.65,Speaker
1065,223,2025-10-14,719.49,Mouse
1066,223,2025-05-22,718.75,Phone
1067,224,2025-12-16,761.73,Headphones
1068,226,2025-02-12,361.59,Monitor
1069,226,2025-08-19,552.21,Mouse
1070,226,2026-01-06,705.08,Laptop
1071,226,2026-01-07,897.91,Speaker
1072,226,2025-09-05,149.04,Webcam
1073,227,2025-05-19,261.75,Headphones
1074,228,2025-09-18,129.54,Webcam
1075,228,2025-08-30,223.43,Headphones
1076,228,2025-02-07,719.62,Phone
1077,229,2025-03-09,56.04,Phone
1078,229,2025-12-19,774.42,Speaker
1079,229,2025-12-23,462.81,Charger
1080,229,2025-03-26,143.29,Speaker
1081,229,2025-10-07,14.29,Laptop
1082,229,2025-02-20,557.69,Webcam
1083,230,2025-06-25,488.1,Charger
1084,230,2025-09-25,783.27,Tablet
1085,230,2025-04-04,694.9,Tablet
1086,230,2025-10-07,733.19,Tablet
1087,230,2025-06-08,112.52,Mouse
1088,230,2025-09-03,509.07,Webcam
1089,230,2025-03-29,424.48,Headphones
1090,230,2025-11-13,280.86,Mouse
1091,230,2025-10-04,970.79,Speaker
1092,231,2025-07-18,146.8,Charger
1093,231,2025-10-03,305.92,Charger
1094,232,2025-07-08,714.76,Charger
1095,232,2025-10-12,636.26,Headphones
1096,232,2025-08-22,217.62,Monitor
1097,232,2025-11-29,689.75,Tablet
1098,232,2025-06-28,981.52,Tablet
1099,233,2025-07-22,547.07,Mouse
1100,233,2025-02-16,713.25,Mouse
1101,233,2026-01-09,566.66,Webcam
1102,233,2025-04-24,677.5,Charger
1103,233,2025-12-05,293.07,Webcam
1104,233,2025-08-16,810.22,Charger
1105,233,2025-03-28,115.41,Webcam
1106,233,2025-03-04,153.87,Laptop
1107,234,2025-10-23,274.31,Tablet
1108,234,2025-03-27,983.7,Monitor
1109,234,2025-11-24,154.96,Laptop
1110,235,2025-10-21,211.96,Charger
1111,235,2025-04-11,41.98,Speaker
1112,235,2025-06-11,111.46,Charger
1113,235,2025-11-19,866.19,Charger
1114,236,2025-05-06,245.22,Monitor
1115,236,2025-06-17,696.01,Laptop
1116,236,2025-09-09,927.22,Webcam
1117,236,2025-04-07,422.4,Mouse
1118,236,2025-04-19,966.17,Laptop
1119,236,2025-05-24,22.84,Monitor
1120,237,2025-04-16,624.36,Speaker
1121,237,2025-01-20,831.68,Mouse
1122,237,2025-12-09,757.56,Charger
1123,238,2025-09-25,204.5,Headphones
1124,238,2025-05-01,301.24,Tablet
1125,238,2025-03-18,983.62,Phone
1126,238,2025-02-09,195.11,Tablet
1127,238,2025-07-17,737.73,Phone
1128,238,2025-12-14,383.43,Webcam
1129,238,2025-02-09,286.32,Monitor
1130,238,2025-10-21,138.77,Monitor
1131,238,2025-06-24,15.59,Speaker
1132,239,2025-09-21,49.54,Mouse
1133,239,2025-12-12,600.91,Monitor
1134,240,2025-06-30,792.01,Charger
1135,240,2026-01-10,364.5,Mouse
1136,240,2025-09-21,530.14,Tablet
1137,240,2025-05-14,525.4,Charger
1138,240,2025-10-27,167.78,Charger
1139,240,2025-12-18,541.67,Phone
1140,240,2025-09-30,355.91,Headphones
1141,241,2025-08-27,338.56,Mouse
1142,241,2026-01-04,300.64,Charger
1143,241,2025-08-14,480.11,Charger
1144,241,2025-10-11,825.45,Laptop
1145,241,2025-05-14,123.57,Mouse
1146,241,2025-05-29,451.21,Headphones
1147,241,2025-11-10,959.31,Mouse
1148,241,2025-06-02,387.56,Phone
1149,241,2025-05-07,392.02,Charger
1150,241,2025-07-16,726.74,Laptop
1151,242,2025-08-05,823.89,Mouse
1152,242,2025-10-17,519.17,Charger
1153,242,2025-04-11,451.1,Laptop
1154,242,2025-03-21,303.47,Headphones
1155,242,2025-09-27,327.11,Phone
1156,242,2025-06-16,948.73,Tablet
1157,242,2025-12-06,971.91,Charger
1158,242,2025-05-16,537.87,Phone
1159,243,2025-11-05,673.63,Headphones
1160,243,2025-12-29,866.3,Webcam
1161,243,2025-06-14,837.31,Headphones
1162,244,2025-12-01,830.46,Webcam
1163,244,2025-07-06,650.1,Phone
1164,244,2025-03-14,749.42,Tablet
1165,244,2025-10-15,33.52,Mouse
1166,244,2025-06-08,47.51,Phone
1167,244,2025-12-31,63.73,Monitor
1168,244,2025-12-03,562.5,Headphones
1169,244,2025-11-02,911.88,Webcam
1170,245,2025-06-06,456.61,Webcam
1171,245,2025-12-02,438.69,Laptop
1172,245,2025-03-13,395.61,Phone
1173,245,2025-05-31,539.49,Phone
1174,245,2025-06-25,758.4,Laptop
1175,245,2025-11-13,703.87,Phone
1176,246,2025-12-15,928.77,Phone
1177,246,2025-03-14,296.94,Monitor
1178,246,2025-12-30,610.5,Monitor
1179,246,2025-04-07,767.62,Speaker
1180,246,2025-01-23,387.6,Laptop
1181,247,2025-07-09,164.76,Headphones
1182,247,2025-04-27,145.02,Webcam
1183,247,2025-03-31,798.8,Charger
1184,247,2025-07-19,302.03,Tablet
1185,247,2025-03-16,305.08,Mouse
1186,247,2025-11-17,957.82,Laptop
1187,247,2025-11-26,557.99,Charger
1188,248,2025-04-29,132.0,Laptop
1189,248,2025-03-28,576.99,Webcam
1190,249,2025-08-28,552.05,Phone
1191,249,2025-07-19,311.64,Mouse
1192,249,2025-06-26,219.62,Charger
1193,249,2025-11-25,151.03,Tablet
1194,249,2025-07-15,228.58,Monitor
1195,249,2025-09-18,202.38,Tablet
1196,249,2025-05-27,674.27,Laptop
1197,249,2025-02-25,852.87,Charger
1198,250,2026-01-01,648.23,Phone
1199,250,2025-10-03,297.75,Phone
1200,250,2025-08-28,258.18,Headphones
1201,250,2025-03-10,728.33,Speaker
1202,250,2025-07-26,952.02,Mouse
1203,250,2025-07-17,136.93,Headphones
1204,250,2025-04-07,109.04,Phone
1205,251,2025-07-16,324.61,Speaker
1206,251,2026-01-03,335.06,Monitor
1207,251,2025-09-06,696.52,Tablet
1208,252,2025-05-21,571.19,Mouse
1209,252,2025-05-11,959.07,Tablet
1210,252,2025-09-01,14.78,Headphones
1211,252,2025-08-29,787.8,Webcam
1212,252,2025-08-25,283.91,Mouse
1213,252,2025-07-30,142.96,Mouse
1214,252,2025-05-22,879.11,Speaker
1215,252,2025-06-03,450.9,Monitor
1216,252,2025-09-26,492.1,Phone
1217,253,2025-03-05,649.1,Phone
1218,253,2025-08-12,843.38,Tablet
1219,254,2025-07-10,204.47,Phone
1220,254,2025-01-24,730.15,Laptop
1221,254,2025-06-02,851.09,Laptop
1222,254,2025-04-18,814.52,Webcam
1223,254,2025-12-29,771.51,Headphones
1224,254,2025-09-26,907.24,Charger
1225,254,2025-12-17,268.01,Charger
1226,254,2025-12-14,477.38,Tablet
1227,255,2025-09-06,398.57,Monitor
1228,255,2025-12-14,142.54,Charger
1229,255,2025-07-11,515.31,Webcam
1230,255,2025-04-30,370.23,Laptop
1231,255,2025-05-22,666.05,Tablet
1232,256,2025-11-04,148.97,Tablet
1233,256,2025-09-30,187.35,Tablet
1234,256,2025-12-14,738.56,Speaker
1235,256,2026-01-06,939.78,Laptop
1236,256,2025-10-31,226.63,Speaker
1237,256,2025-08-15,239.43,Monitor
1238,256,2025-12-17,375.74,Laptop
1239,256,2025-10-04,671.9,Charger
1240,257,2025-08-29,394.21,Speaker
1241,257,2025-11-11,882.74,Laptop
1242,257,2025-04-19,980.78,Mouse
1243,257,2025-08-12,112.19,Charger
1244,257,2025-12-09,637.23,Monitor
1245,258,2025-05-12,582.85,Tablet
1246,258,2025-12-06,382.89,Webcam
1247,258,2025-06-07,371.64,Phone
1248,258,2025-03-13,521.5,Webcam
1249,259,2025-05-15,521.21,Mouse
1250,259,2025-07-30,819.06,Mouse
1251,259,2025-07-06,491.99,Speaker
1252,260,2025-12-13,16.53,Tablet
1253,260,2025-12-30,445.5,Headphones
1254,260,2025-10-11,86.32,Monitor
1255,260,2025-02-11,219.4,Tablet
1256,260,2025-06-09,165.78,Phone
1257,260,2025-03-29,664.5,Webcam
1258,260,2025-10-26,813.06,Phone
1259,260,2025-10-05,486.7,Speaker
1260,260,2025-05-31,484.23,Tablet
1261,261,2025-10-29,835.03,Laptop
1262,261,2025-07-10,251.23,Tablet
1263,261,2025-04-09,577.75,Tablet
1264,261,2025-01-19,143.38,Charger
1265,261,2025-05-28,48.8,Tablet
1266,261,2025-09-02,65.35,Monitor
1267,261,2025-08-11,923.22,Charger
1268,261,2025-10-31,958.66,Laptop
1269,261,2026-01-03,879.72,Monitor
1270,261,2025-07-14,947.78,Headphones
1271,262,2025-05-12,610.46,Speaker
1272,262,2025-12-07,868.63,Tablet
1273,262,2025-04-01,227.17,Webcam
1274,262,2025-11-10,604.83,Tablet
1275,262,2025-03-27,626.98,Charger
1276,262,2025-12-22,271.88,Mouse
1277,262,2025-08-27,923.13,Phone
1278,263,2025-05-06,384.43,Tablet
1279,263,2025-02-09,117.48,Headphones
1280,263,2025-12-07,527.48,Charger
1281,264,2025-07-28,425.6,Tablet
1282,264,2025-07-21,609.46,Tablet
1283,264,2025-04-18,481.11,Laptop
1284,264,2025-06-04,878.98,Charger
1285,264,2025-10-01,508.3,Phone
1286,264,2025-11-26,102.26,Tablet
1287,264,2025-05-07,902.96,Charger
1288,264,2025-04-02,829.25,Webcam
1289,264,2025-05-06,526.82,Mouse
1290,264,2025-01-28,876.08,Charger
1291,265,2025-09-10,237.19,Speaker
1292,265,2025-06-21,791.66,Webcam
1293,265,2025-06-01,357.01,Phone
1294,265,2025-10-28,431.23,Monitor
1295,265,2026-01-16,482.37,Headphones
1296,265,2025-06-30,910.98,Phone
1297,266,2025-06-06,602.31,Charger
1298,266,2025-03-16,414.56,Headphones
1299,266,2025-06-29,15.41,Laptop
1300,266,2025-05-12,582.21,Phone
1301,267,2025-12-26,17.12,Headphones
1302,267,2025-07-03,690.89,Mouse
1303,267,2025-03-31,414.76,Phone
1304,267,2025-08-27,163.23,Monitor
1305,267,2025-05-02,268.69,Charger
1306,267,2025-08-20,429.33,Mouse
1307,267,2025-05-16,615.76,Webcam
1308,267,2025-01-24,757.42,Webcam
1309,268,2025-02-06,785.95,Speaker
1310,268,2025-05-17,186.93,Charger
1311,268,2025-07-11,559.36,Monitor
1312,268,2025-03-10,988.62,Mouse
1313,268,2025-11-18,776.45,Webcam
1314,268,2025-06-04,738.42,Phone
1315,268,2025-01-27,750.34,Speaker
1316,268,2025-06-25,785.28,Tablet
1317,269,2025-05-16,222.31,Webcam
1318,270,2025-03-24,802.85,Laptop
1319,270,2025-08-30,169.13,Laptop
1320,270,2025-10-23,806.33,Tablet
1321,270,2025-09-10,476.95,Webcam
1322,270,2025-05-16,97.26,Monitor
1323,271,2025-10-21,377.13,Laptop
1324,271,2025-02-01,727.25,Webcam
1325,271,2025-07-24,617.83,Charger
1326,272,2025-10-09,714.49,Laptop
1327,272,2025-10-06,946.26,Tablet
1328,272,2025-07-18,643.89,Speaker
1329,272,2025-12-23,20.6,Charger
1330,273,2025-03-10,202.8,Charger
1331,273,2025-02-24,520.66,Headphones
1332,273,2025-03-18,619.04,Laptop
1333,273,2025-10-06,366.14,Laptop
1334,274,2025-02-20,95.97,Monitor
1335,274,2025-05-29,781.88,Mouse
1336,275,2025-05-28,401.19,Headphones
1337,275,2025-02-16,522.57,Phone
1338,275,2025-05-23,919.99,Charger
1339,275,2025-02-12,291.65,Charger
1340,275,2025-06-13,915.86,Mouse
1341,275,2025-02-09,354.0,Monitor
1342,275,2025-06-19,234.03,Headphones
1343,275,2025-11-03,460.21,Webcam
1344,275,2025-09-29,579.16,Monitor
1345,275,2025-08-06,183.28,Charger
1346,276,2025-02-19,563.04,Charger
1347,277,2025-04-03,346.57,Phone
1348,277,2025-03-17,804.91,Monitor
1349,277,2025-10-24,877.35,Monitor
1350,277,2025-12-01,697.25,Webcam
1351,278,2025-04-11,488.79,Headphones
1352,278,2025-02-07,759.9,Speaker
1353,278,2025-09-25,684.78,Laptop
1354,278,2025-01-26,487.15,Monitor
1355,278,2025-09-10,76.88,Headphones
1356,278,2025-09-30,680.14,Headphones
1357,278,2025-07-12,802.16,Webcam
1358,278,2025-02-02,955.89,Charger
1359,278,2025-10-22,540.3,Monitor
1360,279,2025-12-31,294.42,Webcam
1361,279,2026-01-02,676.96,Mouse
1362,279,2025-03-09,85.27,Tablet
1363,280,2025-05-14,320.73,Headphones
1364,280,2025-06-08,895.37,Monitor
1365,280,2025-09-07,190.96,Headphones
1366,280,2025-06-11,504.01,Headphones
1367,280,2025-07-23,242.51,Headphones
1368,280,2025-05-04,874.02,Headphones
1369,280,2025-01-26,236.92,Headphones
1370,281,2025-10-06,362.47,Phone
1371,281,2025-06-18,128.68,Phone
1372,281,2025-02-11,679.05,Speaker
1373,281,2025-04-01,617.69,Charger
1374,281,2025-01-31,958.41,Speaker
1375,281,2025-04-11,377.48,Mouse
1376,281,2025-07-16,497.42,Monitor
1377,281,2025-05-25,495.9,Charger
1378,281,2025-02-16,287.46,Headphones
1379,282,2025-12-06,136.96,Charger
1380,282,2025-07-23,801.28,Speaker
1381,282,2025-11-17,940.26,Laptop
1382,282,2025-06-12,507.45,Webcam
1383,282,2025-03-14,861.8,Tablet
1384,282,2025-01-20,462.62,Phone
1385,282,2025-09-04,701.26,Speaker
1386,282,2025-09-02,322.49,Laptop
1387,282,2025-04-25,21.7,Headphones
1388,283,2025-06-03,585.2,Mouse
1389,283,2025-06-09,367.99,Monitor
1390,283,2025-11-19,195.28,Monitor
1391,283,2025-10-21,244.77,Speaker
1392,283,2025-04-21,958.94,Mouse
1393,283,2025-03-30,372.26,Speaker
1394,284,2025-12-12,218.43,Mouse
1395,284,2025-06-10,371.43,Webcam
1396,284,2025-09-13,286.83,Tablet
1397,284,2025-07-02,575.7,Headphones
1398,284,2025-06-30,816.05,Monitor
1399,284,2026-01-07,806.05,Charger
1400,285,2025-09-20,857.75,Headphones
1401,285,2025-10-26,154.39,Tablet
1402,285,2025-04-02,478.26,Laptop
1403,285,2025-02-28,184.84,Speaker
1404,285,2025-06-08,143.13,Charger
1405,285,2025-02-26,538.64,Mouse
1406,286,2025-12-25,307.03,Charger
1407,286,2025-04-03,859.92,Laptop
1408,286,2025-10-23,404.42,Tablet
1409,286,2025-10-14,69.44,Monitor
1410,286,2025-05-07,481.77,Phone
1411,286,2025-09-27,455.36,Mouse
1412,286,2025-04-06,267.17,Mouse
1413,287,2025-08-23,561.92,Monitor
1414,287,2025-05-09,350.7,Webcam
1415,287,2025-07-06,130.03,Headphones
1416,287,2025-09-12,581.09,Charger
1417,287,2025-04-12,182.79,Monitor
1418,287,2025-12-09,361.56,Charger
1419,287,2025-11-22,492.62,Speaker
1420,287,2025-04-07,890.74,Webcam
1421,288,2025-01-26,293.66,Tablet
1422,288,2025-01-22,869.58,Mouse
1423,288,2025-11-17,427.6,Webcam
1424,288,2025-11-28,850.41,Phone
1425,288,2025-04-03,88.32,Mouse
1426,288,2025-12-30,235.94,Mouse
1427,288,2025-06-09,656.48,Monitor
1428,288,2025-05-17,609.33,Webcam
1429,288,2026-01-13,278.54,Speaker
1430,289,2025-08-26,750.42,Charger
1431,289,2025-03-19,965.87,Webcam
1432,289,2025-07-16,175.64,Laptop
1433,289,2025-08-11,133.79,Headphones
1434,289,2025-05-02,665.4,Phone
1435,290,2026-01-14,175.24,Phone
1436,290,2025-11-27,104.6,Speaker
1437,290,2025-04-18,552.95,Laptop
1438,291,2025-08-31,528.74,Phone
1439,291,2025-12-07,112.89,Tablet
1440,291,2025-11-26,93.47,Webcam
1441,291,2025-09-01,316.28,Headphones
1442,291,2025-11-27,740.22,Speaker
1443,291,2025-12-30,630.22,Tablet
1444,292,2025-12-24,840.13,Laptop
1445,292,2025-05-09,44.8,Mouse
1446,292,2025-06-06,861.77,Mouse
1447,292,2025-08-13,865.6,Speaker
1448,292,2025-03-17,975.23,Charger
1449,292,2025-02-06,935.51,Charger
1450,292,2025-04-06,450.4,Charger
1451,292,2025-03-28,185.27,Speaker
1452,293,2025-06-21,751.42,Webcam
1453,293,2025-12-04,528.23,Charger
1454,293,2025-02-14,316.56,Mouse
1455,293,2025-06-19,486.84,Headphones
1456,293,2025-01-26,806.66,Speaker
1457,293,2025-10-26,314.79,Webcam
1458,293,2025-12-12,267.21,Monitor
1459,293,2025-05-08,20.45,Charger
1460,293,2025-04-24,817.23,Tablet
1461,293,2025-12-24,350.45,Speaker
1462,294,2025-12-08,18.23,Speaker
1463,294,2025-11-07,947.49,Speaker
1464,294,2025-04-02,306.61,Webcam
1465,294,2025-12-20,799.99,Headphones
1466,294,2025-10-17,798.8,Charger
1467,294,2025-09-24,379.91,Webcam
1468,294,2025-01-29,883.34,Webcam
1469,294,2025-12-24,400.8,Tablet
1470,295,2025-07-11,395.83,Webcam
1471,295,2025-01-23,228.39,Phone
1472,295,2025-02-18,428.02,Headphones
1473,295,2025-04-13,521.44,Monitor
1474,295,2025-12-02,291.83,Charger
1475,295,2025-08-18,810.72,Webcam
1476,295,2025-08-10,196.12,Phone
1477,295,2025-04-26,190.58,Monitor
1478,295,2025-10-02,119.25,Speaker
1479,295,2025-07-12,621.55,Monitor
1480,296,2025-10-12,497.08,Mouse
1481,296,2025-03-15,29.2,Laptop
1482,296,2025-02-10,970.02,Laptop
1483,296,2025-09-23,194.08,Phone
1484,296,2025-01-28,289.29,Tablet
1485,296,2025-07-19,718.04,Laptop
1486,296,2025-11-17,240.48,Tablet
1487,296,2025-06-17,24.58,Headphones
1488,296,2026-01-09,348.49,Monitor
1489,297,2025-08-17,997.98,Speaker
1490,297,2025-02-03,699.97,Laptop
1491,297,2025-02-10,336.95,Tablet
1492,297,2025-10-26,65.48,Webcam
1493,297,2025-04-30,80.67,Speaker
1494,297,2025-05-01,189.79,Monitor
1495,297,2025-07-12,819.08,Laptop
1496,298,2025-11-07,974.85,Headphones
1497,299,2025-01-26,773.51,Speaker
1498,299,2025-04-27,254.69,Laptop
1499,299,2025-12-03,207.19,Phone
1500,299,2025-04-13,525.93,Headphones
1501,299,2025-06-30,478.1,Monitor
1502,299,2025-01-18,936.85,Tablet
1503,300,2025-09-12,730.95,Charger
1504,300,2025-12-03,525.72,Monitor
1505,300,2025-11-19,486.42,Monitor
1506,300,2025-06-26,206.74,Laptop
1507,300,2026-01-01,865.02,Headphones
1508,300,2025-07-15,973.54,Headphones
1509,300,2025-04-12,636.58,Mouse
1510,300,2025-11-24,24.92,Monitor
1511,300,2025-02-04,588.85,Webcam
1512,300,2025-05-31,791.25,Laptop
1513,302,2025-08-24,785.64,Speaker
1514,302,2025-07-03,691.52,Tablet
1515,302,2025-07-09,377.68,Phone
1516,302,2025-03-18,256.24,Speaker
1517,302,2025-09-16,100.49,Mouse
1518,302,2025-06-02,931.54,Laptop
1519,302,2025-08-07,69.18,Tablet
1520,302,2025-03-12,704.31,Phone
1521,302,2025-10-14,134.57,Headphones
1522,303,2025-05-24,981.86,Mouse
1523,303,2025-03-22,807.47,Speaker
1524,303,2025-06-14,735.86,Laptop
1525,303,2025-07-08,692.36,Mouse
1526,303,2025-05-25,727.16,Monitor
1527,305,2025-05-05,709.56,Charger
1528,305,2025-11-12,301.77,Speaker
1529,305,2025-10-20,197.88,Tablet
1530,305,2025-07-17,548.18,Mouse
1531,305,2025-08-04,735.08,Monitor
1532,305,2025-05-29,868.99,Charger
1533,305,2025-06-25,168.74,Charger
1534,306,2025-08-26,454.89,Monitor
1535,306,2025-12-07,546.19,Speaker
1536,308,2025-05-19,510.9,Tablet
1537,308,2025-05-29,884.1,Mouse
1538,308,2025-07-07,778.26,Headphones
1539,308,2025-10-20,327.49,Phone
1540,308,2025-11-29,661.71,Charger
1541,308,2025-03-19,820.86,Headphones
1542,308,2025-02-02,528.83,Speaker
1543,308,2025-07-22,768.08,Tablet
1544,308,2025-11-28,616.91,Mouse
1545,308,2025-09-03,415.71,Mouse
1546,309,2025-08-25,105.29,Phone
1547,311,2025-08-03,186.85,Laptop
1548,311,2025-11-18,210.06,Speaker
1549,312,2025-03-17,107.77,Webcam
1550,312,2025-11-06,661.34,Charger
1551,312,2025-03-10,627.73,Monitor
1552,314,2025-11-12,228.52,Phone
1553,314,2025-04-03,22.96,Headphones
1554,314,2025-09-28,659.19,Phone
1555,314,2025-02-16,473.38,Laptop
1556,314,2025-06-20,367.32,Webcam
1557,315,2025-02-27,796.31,Laptop
1558,315,2025-07-20,825.41,Monitor
1559,315,2025-02-02,533.73,Phone
1560,315,2025-02-24,836.11,Phone
1561,315,2025-01-19,945.16,Charger
1562,316,2025-12-26,110.21,Headphones
1563,317,2025-09-18,391.48,Headphones
1564,317,2025-03-19,530.93,Headphones
1565,317,2025-04-11,574.33,Tablet
1566,317,2025-10-04,562.84,Charger
1567,317,2025-05-20,421.03,Phone
1568,317,2025-03-01,768.62,Mouse
1569,317,2025-10-12,677.75,Webcam
1570,317,2025-11-05,884.0,Tablet
1571,318,2025-08-06,554.47,Charger
1572,318,2025-06-11,344.14,Tablet
1573,319,2025-09-15,998.45,Speaker
1574,319,2025-06-10,934.18,Mouse
1575,319,2025-08-17,554.58,Mouse
1576,319,2025-10-19,846.41,Webcam
1577,319,2025-09-26,766.54,Webcam
1578,319,2026-01-14,827.89,Mouse
1579,319,2025-04-10,612.33,Charger
1580,319,2025-09-10,221.79,Charger
1581,320,2025-03-15,366.41,Speaker
1582,320,2025-09-28,453.02,Webcam
1583,320,2025-10-20,10.19,Laptop
1584,320,2025-10-07,983.13,Laptop
1585,321,2025-12-10,143.73,Monitor
1586,321,2026-01-07,16.5,Headphones
1587,321,2025-11-06,222.67,Mouse
1588,321,2025-07-18,31.48,Monitor
1589,321,2025-12-19,919.92,Charger
1590,321,2025-09-29,560.76,Tablet
1591,321,2025-05-10,103.34,Speaker
1592,321,2025-10-21,362.1,Tablet
1593,322,2025-05-08,373.41,Headphones
1594,322,2025-04-04,240.66,Monitor
1595,322,2025-09-08,100.99,Webcam
1596,322,2026-01-01,573.37,Headphones
1597,323,2025-03-28,726.34,Speaker
1598,324,2025-01-23,493.39,Phone
1599,324,2025-05-06,599.28,Monitor
1600,326,2025-04-03,387.73,Laptop
1601,326,2025-11-16,922.65,Mouse
1602,326,2025-09-24,354.45,Webcam
1603,326,2025-02-11,422.36,Phone
1604,326,2025-07-02,871.09,Headphones
1605,326,2025-03-02,750.2,Laptop
1606,326,2025-12-29,637.55,Webcam
1607,326,2025-09-17,63.59,Charger
1608,326,2025-01-21,50.77,Charger
1609,327,2025-08-24,158.08,Charger
1610,327,2025-05-23,700.79,Tablet
1611,327,2025-06-04,60.01,Webcam
1612,327,2025-05-09,971.33,Charger
1613,327,2025-09-01,99.18,Webcam
1614,327,2025-12-20,296.89,Webcam
1615,327,2025-09-07,156.53,Mouse
1616,327,2025-08-23,91.72,Laptop
1617,327,2025-09-23,552.67,Monitor
1618,328,2026-01-10,404.54,Webcam
1619,329,2025-07-19,764.41,Speaker
1620,329,2025-05-26,563.7,Speaker
1621,330,2025-04-21,655.73,Headphones
1622,330,2025-07-10,565.56,Charger
1623,330,2025-11-06,253.78,Phone
1624,330,2025-10-20,273.59,Webcam
1625,330,2025-10-26,330.18,Phone
1626,330,2025-06-21,121.4,Webcam
1627,331,2025-08-20,371.61,Headphones
1628,331,2025-12-06,327.53,Laptop
1629,331,2025-12-31,771.98,Tablet
1630,331,2025-09-25,987.78,Speaker
1631,331,2026-01-17,626.95,Speaker
1632,331,2025-06-06,54.43,Headphones
1633,332,2026-01-05,688.51,Tablet
1634,332,2025-10-22,760.16,Phone
1635,332,2025-02-18,121.25,Laptop
1636,333,2025-04-20,949.45,Tablet
1637,333,2025-02-20,870.06,Monitor
1638,333,2025-04-17,23.6,Phone
1639,334,2025-11-18,455.56,Laptop
1640,334,2025-09-06,338.56,Charger
1641,334,2025-02-21,219.76,Charger
1642,334,2025-06-06,528.03,Monitor
1643,335,2025-05-21,488.2,Tablet
1644,335,2025-08-26,698.12,Laptop
1645,335,2025-07-08,382.84,Charger
1646,335,2025-05-16,53.05,Tablet
1647,335,2025-08-08,69.51,Headphones
1648,335,2025-10-02,791.3,Monitor
1649,335,2025-07-02,62.55,Laptop
1650,335,2025-08-30,75.93,Monitor
1651,336,2025-02-21,853.56,Mouse
1652,336,2025-09-25,865.64,Laptop
1653,336,2025-08-23,299.57,Webcam
1654,336,2025-09-22,238.86,Webcam
1655,336,2025-01-28,513.45,Phone
1656,336,2025-07-22,904.83,Speaker
1657,336,2025-02-12,868.11,Charger
1658,336,2025-03-25,97.14,Headphones
1659,336,2025-04-28,505.64,Speaker
1660,336,2025-08-12,565.08,Laptop
1661,338,2025-11-07,923.05,Monitor
1662,338,2025-08-02,340.23,Webcam
1663,338,2025-10-10,746.95,Laptop
1664,339,2025-04-20,687.47,Mouse
1665,339,2025-03-02,628.98,Headphones
1666,339,2025-07-26,996.03,Charger
1667,339,2025-03-22,283.12,Laptop
1668,339,2025-07-02,629.53,Webcam
1669,341,2025-11-26,949.63,Headphones
1670,341,2025-02-01,160.19,Webcam
1671,341,2025-08-26,660.36,Phone
1672,341,2025-06-23,732.59,Charger
1673,341,2025-09-26,961.0,Headphones
1674,341,2026-01-07,423.16,Tablet
1675,341,2025-02-15,432.2,Monitor
1676,341,2025-07-13,910.64,Mouse
1677,342,2025-04-19,546.81,Headphones
1678,342,2025-06-08,655.95,Charger
1679,342,2025-10-17,687.21,Headphones
1680,342,2025-09-14,863.96,Monitor
1681,342,2025-03-23,691.65,Charger
1682,342,2025-06-04,910.47,Webcam
1683,342,2025-05-08,995.73,Tablet
1684,343,2025-04-09,933.7,Tablet
1685,343,2025-11-30,324.32,Charger
1686,343,2025-08-19,537.63,Phone
1687,343,2025-07-17,192.29,Tablet
1688,343,2025-10-06,729.81,Mouse
1689,343,2025-11-09,881.33,Webcam
1690,343,2025-12-30,961.58,Monitor
1691,343,2025-03-01,448.57,Monitor
1692,343,2025-03-19,160.44,Headphones
1693,343,2025-03-07,115.7,Tablet
1694,345,2026-01-11,620.78,Headphones
1695,345,2025-08-27,600.4,Headphones
1696,345,2025-01-26,690.5,Mouse
1697,345,2025-07-18,88.68,Speaker
1698,345,2025-11-04,142.75,Speaker
1699,345,2025-06-24,714.9,Mouse
1700,345,2025-10-04,192.14,Webcam
1701,345,2025-12-12,496.53,Tablet
1702,345,2025-06-01,172.15,Headphones
1703,347,2025-08-04,766.89,Laptop
1704,347,2025-06-20,926.18,Webcam
1705,347,2025-01-30,230.33,Headphones
1706,347,2025-06-26,760.2,Phone
1707,347,2025-10-01,185.31,Speaker
1708,347,2025-02-11,868.46,Speaker
1709,348,2025-02-18,868.11,Headphones
1710,348,2025-12-05,433.28,Laptop
1711,348,2025-09-18,611.85,Webcam
1712,348,2025-07-10,723.0,Webcam
1713,348,2025-07-22,615.39,Charger
1714,349,2025-04-17,644.98,Laptop
1715,349,2025-12-23,525.44,Speaker
1716,349,2025-03-09,462.33,Laptop
1717,349,2025-01-26,879.0,Headphones
1718,349,2025-02-18,523.52,Webcam
1719,349,2025-03-27,983.99,Laptop
1720,349,2025-03-30,562.12,Charger
1721,349,2025-09-16,767.51,Laptop
1722,350,2025-08-05,298.27,Webcam
1723,350,2025-08-09,885.55,Monitor
1724,350,2025-07-11,466.73,Webcam
1725,351,2026-01-08,617.0,Laptop
1726,351,2025-09-15,693.05,Tablet
1727,351,2025-08-19,468.94,Speaker
1728,351,2025-03-01,99.54,Charger
1729,352,2025-02-01,187.97,Charger
1730,353,2025-04-02,399.14,Mouse
1731,353,2025-05-07,456.38,Tablet
1732,354,2025-10-18,594.41,Headphones
1733,354,2025-06-09,883.72,Phone
1734,354,2025-06-03,257.58,Tablet
1735,354,2025-07-23,721.19,Phone
1736,354,2025-01-22,100.28,Speaker
1737,354,2025-07-28,637.73,Phone
1738,354,2025-04-25,528.58,Webcam
1739,355,2025-07-31,615.95,Tablet
1740,355,2025-05-09,384.89,Webcam
1741,355,2025-11-10,53.47,Tablet
1742,355,2025-05-14,913.13,Tablet
1743,355,2025-04-17,170.5,Tablet
1744,355,2025-07-12,187.08,Laptop
1745,355,2025-04-06,425.39,Monitor
1746,355,2025-09-18,732.86,Speaker
1747,356,2025-07-12,630.19,Phone
1748,356,2025-04-06,899.56,Headphones
1749,356,2025-03-22,13.5,Monitor
1750,356,2025-08-08,22.09,Speaker
1751,357,2025-09-04,548.07,Laptop
1752,357,2025-11-28,611.9,Speaker
1753,357,2025-02-12,245.5,Speaker
1754,357,2025-09-19,459.2,Speaker
1755,357,2025-11-27,88.61,Laptop
1756,357,2025-03-12,252.27,Charger
1757,357,2025-10-23,285.33,Charger
1758,358,2025-07-11,58.43,Tablet
1759,358,2026-01-15,64.51,Mouse
1760,358,2025-02-13,46.35,Laptop
1761,359,2025-03-19,582.31,Monitor
1762,359,2025-09-04,337.8,Phone
1763,359,2025-06-18,58.54,Webcam
1764,359,2025-09-03,993.8,Tablet
1765,359,2025-12-27,675.37,Charger
1766,359,2025-11-17,185.65,Speaker
1767,359,2025-06-15,751.84,Mouse
1768,359,2025-10-20,932.17,Phone
1769,359,2025-02-02,770.83,Mouse
1770,359,2025-05-15,374.88,Webcam
1771,360,2025-06-11,760.86,Charger
1772,361,2025-03-29,299.9,Tablet
1773,362,2025-10-10,697.67,Monitor
1774,363,2025-06-03,531.78,Charger
1775,363,2025-07-01,217.75,Headphones
1776,363,2025-11-20,615.93,Phone
1777,363,2025-04-10,575.65,Charger
1778,363,2025-12-16,987.32,Speaker
1779,364,2025-07-12,934.55,Monitor
1780,364,2025-12-31,432.78,Mouse
1781,364,2025-07-23,267.06,Mouse
1782,364,2025-06-15,927.83,Speaker
1783,364,2025-12-03,524.51,Speaker
1784,364,2025-09-07,497.58,Tablet
1785,364,2025-04-16,884.83,Headphones
1786,364,2025-07-27,711.5,Headphones
1787,364,2025-07-18,11.57,Laptop
1788,365,2025-02-14,629.21,Phone
1789,365,2025-08-25,740.09,Headphones
1790,365,2025-06-19,801.57,Webcam
1791,365,2025-08-11,419.9,Mouse
1792,365,2025-10-02,356.15,Headphones
1793,365,2025-10-29,21.18,Headphones
1794,365,2025-10-27,693.12,Monitor
1795,366,2025-02-01,314.69,Charger
1796,367,2025-04-29,330.68,Laptop
1797,367,2025-04-30,122.7,Mouse
1798,367,2025-09-12,347.95,Laptop
1799,367,2026-01-14,833.72,Headphones
1800,367,2025-05-22,337.21,Mouse
1801,367,2025-11-20,923.06,Speaker
1802,367,2025-08-27,917.0,Laptop
1803,367,2025-12-20,649.2,Speaker
1804,368,2025-11-27,630.93,Charger
1805,368,2025-07-08,896.97,Speaker
1806,369,2025-07-15,928.51,Laptop
1807,369,2025-10-22,836.75,Monitor
1808,369,2025-11-21,569.29,Mouse
1809,369,2025-08-21,559.63,Laptop
1810,369,2025-08-11,216.18,Mouse
1811,369,2025-09-24,801.54,Mouse
1812,370,2025-08-25,969.92,Monitor
1813,372,2025-11-01,983.78,Charger
1814,372,2025-03-09,843.98,Webcam
1815,372,2025-05-21,195.51,Phone
1816,372,2025-09-28,865.95,Monitor
1817,372,2026-01-09,708.21,Mouse
1818,374,2025-07-31,419.73,Speaker
1819,374,2025-08-31,878.28,Mouse
1820,374,2025-02-10,457.39,Monitor
1821,374,2025-09-05,223.98,Monitor
1822,375,2025-12-25,121.11,Laptop
1823,375,2025-12-04,780.01,Phone
1824,376,2025-08-23,510.93,Speaker
1825,376,2025-04-11,905.91,Tablet
1826,376,2025-12-23,198.31,Speaker
1827,376,2025-05-16,735.12,Charger
1828,376,2025-04-15,317.26,Mouse
1829,376,2025-03-29,151.86,Phone
1830,376,2026-01-08,823.92,Charger
1831,377,2025-03-29,992.79,Headphones
1832,377,2025-05-20,727.32,Speaker
1833,377,2025-09-22,393.71,Charger
1834,377,2025-04-29,124.68,Monitor
1835,377,2025-08-24,933.01,Phone
1836,377,2025-09-20,339.96,Laptop
1837,377,2025-03-27,112.07,Monitor
1838,377,2025-08-30,32.26,Monitor
1839,377,2025-11-02,642.46,Headphones
1840,377,2025-11-07,327.67,Headphones
1841,378,2025-09-26,283.88,Mouse
1842,378,2025-03-28,775.06,Phone
1843,378,2025-09-26,279.93,Tablet
1844,378,2025-10-05,280.9,Laptop
1845,379,2025-08-08,564.03,Phone
1846,379,2025-04-02,214.51,Mouse
1847,379,2025-07-06,553.87,Monitor
1848,379,2025-07-27,150.14,Monitor
1849,379,2025-03-01,578.34,Tablet
1850,379,2025-10-09,80.53,Mouse
1851,379,2025-05-04,545.17,Laptop
1852,379,2025-04-18,138.77,Speaker
1853,379,2025-08-24,904.26,Laptop
1854,380,2025-09-06,389.76,Phone
1855,381,2025-05-21,398.0,Speaker
1856,381,2025-12-08,620.15,Monitor
1857,381,2025-11-10,339.01,Headphones
1858,381,2025-06-04,715.77,Charger
1859,381,2025-06-10,87.76,Speaker
1860,381,2025-10-07,572.11,Phone
1861,382,2025-12-25,106.29,Monitor
1862,382,2025-07-05,687.63,Speaker
1863,382,2025-05-22,475.84,Headphones
1864,382,2025-04-21,152.28,Monitor
1865,382,2025-02-13,913.73,Webcam
1866,382,2025-03-04,191.52,Mouse
1867,382,2025-06-04,790.89,Mouse
1868,383,2025-08-07,492.63,Phone
1869,383,2025-06-10,480.58,Mouse
1870,383,2025-02-11,483.87,Tablet
1871,383,2025-11-11,289.43,Mouse
1872,383,2025-04-21,608.4,Tablet
1873,383,2025-07-18,512.87,Webcam
1874,383,2025-12-26,819.38,Phone
1875,384,2025-08-07,560.59,Phone
1876,384,2025-11-14,794.51,Charger
1877,384,2025-07-24,466.37,Webcam
1878,384,2025-06-20,246.19,Headphones
1879,384,2025-04-25,552.47,Speaker
1880,385,2026-01-12,75.4,Headphones
1881,385,2025-09-04,815.78,Webcam
1882,385,2025-07-16,786.47,Webcam
1883,385,2025-02-26,571.54,Mouse
1884,385,2025-06-27,549.08,Headphones
1885,385,2025-05-12,181.35,Phone
1886,386,2025-03-10,838.38,Phone
1887,386,2025-03-03,596.24,Speaker
1888,386,2025-10-23,332.12,Phone
1889,386,2026-01-16,823.8,Tablet
1890,386,2025-02-02,314.96,Webcam
1891,386,2025-02-12,78.91,Phone
1892,386,2025-02-26,688.65,Webcam
1893,386,2025-08-01,334.13,Laptop
1894,386,2025-03-05,99.63,Tablet
1895,387,2025-02-22,904.22,Laptop
1896,387,2025-10-16,759.51,Tablet
1897,387,2025-06-21,458.44,Monitor
1898,387,2025-02-01,396.08,Speaker
1899,387,2025-09-16,203.71,Mouse
1900,387,2025-02-08,306.74,Monitor
1901,387,2025-02-27,919.32,Webcam
1902,387,2026-01-10,720.61,Mouse
1903,387,2025-10-08,990.39,Laptop
1904,388,2025-05-02,986.56,Webcam
1905,388,2025-04-16,849.16,Monitor
1906,388,2025-04-08,71.79,Charger
1907,388,2025-08-26,968.22,Laptop
1908,388,2025-10-20,706.32,Mouse
1909,388,2025-12-23,118.6,Monitor
1910,388,2025-05-27,867.02,Headphones
1911,388,2025-04-14,437.4,Webcam
1912,388,2025-01-26,628.96,Webcam
1913,389,2025-08-19,387.75,Charger
1914,389,2025-10-24,219.1,Tablet
1915,389,2025-03-21,480.12,Headphones
1916,389,2026-01-06,559.87,Mouse
1917,389,2025-06-07,841.56,Tablet
1918,389,2025-08-04,295.59,Tablet
1919,390,2025-01-24,21.49,Laptop
1920,390,2025-03-17,152.56,Speaker
1921,391,2025-08-15,442.37,Tablet
1922,391,2025-08-30,93.82,Webcam
1923,391,2026-01-09,861.55,Webcam
1924,391,2025-11-10,627.02,Speaker
1925,391,2025-03-04,514.32,Charger
1926,391,2025-04-18,821.87,Webcam
1927,391,2025-06-15,361.75,Tablet
1928,391,2025-04-16,430.52,Laptop
1929,391,2025-08-29,582.16,Headphones
1930,391,2025-12-10,715.01,Monitor
1931,392,2025-12-19,927.3,Mouse
1932,392,2025-04-30,43.13,Laptop
1933,392,2025-01-19,572.47,Mouse
1934,392,2025-09-20,122.03,Speaker
1935,392,2025-06-26,962.12,Phone
1936,392,2025-11-29,150.67,Charger
1937,393,2025-11-24,470.29,Phone
1938,393,2025-06-30,528.12,Phone
1939,393,2025-04-12,252.78,Phone
1940,393,2025-11-24,687.23,Charger
1941,394,2025-06-16,319.37,Laptop
1942,394,2025-06-29,904.55,Charger
1943,394,2025-03-14,780.74,Speaker
1944,394,2025-12-09,459.49,Speaker
1945,394,2025-11-25,578.23,Mouse
1946,394,2025-10-19,426.81,Monitor
1947,394,2025-01-26,296.32,Laptop
1948,394,2025-10-25,698.1,Monitor
1949,394,2025-04-03,729.7,Monitor
1950,396,2025-09-21,478.43,Tablet
1951,396,2025-06-26,577.13,Monitor
1952,396,2025-12-04,810.81,Laptop
1953,396,2025-05-23,293.95,Phone
1954,396,2025-01-25,135.55,Phone
1955,396,2025-07-22,852.93,Monitor
1956,396,2025-06-08,259.53,Monitor
1957,396,2025-06-28,282.46,Monitor
1958,396,2025-04-03,24.06,Phone
1959,396,2025-03-11,607.78,Tablet
1960,397,2025-02-15,452.19,Tablet
1961,397,2025-11-20,268.64,Headphones
1962,397,2025-09-25,490.07,Charger
1963,397,2025-03-20,863.39,Mouse
1964,397,2025-06-14,984.23,Tablet
1965,397,2025-04-07,599.59,Tablet
1966,397,2025-05-27,839.24,Webcam
1967,397,2025-04-28,772.66,Headphones
1968,397,2025-10-06,664.06,Tablet
1969,397,2025-12-12,218.75,Mouse
1970,399,2025-06-05,271.75,Phone
1971,399,2025-12-05,62.0,Speaker
1972,399,2026-01-04,404.76,Monitor
1973,399,2025-09-26,481.5,Charger
1974,399,2025-08-12,241.32,Webcam
1975,399,2025-09-11,479.84,Tablet
1976,399,2025-02-10,535.14,Webcam
1977,399,2025-10-05,21.74,Speaker
1978,399,2025-01-26,388.18,Mouse
1979,399,2025-08-15,962.15,Laptop
1980,400,2025-05-29,918.54,Mouse
1981,401,2025-01-25,614.38,Monitor
1982,401,2025-06-26,341.62,Monitor
1983,401,2025-06-29,804.29,Monitor
1984,401,2025-06-22,657.8,Webcam
1985,401,2025-06-27,466.5,Headphones
1986,401,2025-05-25,736.97,Headphones
1987,402,2025-04-26,344.03,Tablet
1988,402,2025-12-17,320.14,Laptop
1989,402,2025-04-23,676.07,Phone
1990,402,2025-03-16,21.84,Phone
1991,402,2025-04-08,530.01,Speaker
1992,402,2025-08-20,358.0,Monitor
1993,402,2025-07-26,259.38,Laptop
1994,402,2025-07-31,33.46,Phone
1995,404,2025-03-30,660.04,Headphones
1996,404,2025-01-31,950.98,Phone
1997,404,2025-06-06,710.99,Phone
1998,404,2025-02-04,95.52,Tablet
1999,404,2025-04-11,382.2,Tablet
2000,404,2025-10-03,897.04,Tablet
2001,404,2025-03-17,260.8,Speaker
2002,404,2025-08-31,663.87,Phone
2003,404,2025-08-08,642.39,Monitor
2004,405,2025-04-19,695.3,Mouse
2005,405,2025-07-29,264.76,Phone
2006,405,2025-04-21,284.51,Laptop
2007,405,2025-03-13,388.97,Mouse
2008,405,2025-03-10,996.0,Monitor
2009,405,2025-06-26,956.05,Monitor
2010,406,2025-12-02,446.17,Speaker
2011,406,2025-03-27,979.63,Headphones
2012,407,2025-06-16,398.71,Speaker
2013,407,2025-03-19,117.35,Charger
2014,407,2025-02-11,771.02,Headphones
2015,407,2025-12-03,617.83,Phone
2016,407,2025-09-02,913.48,Monitor
2017,407,2025-08-15,112.25,Phone
2018,407,2025-10-31,79.71,Monitor
2019,407,2025-12-03,779.46,Laptop
2020,407,2025-12-01,897.55,Tablet
2021,408,2025-10-16,643.93,Laptop
2022,408,2025-05-03,667.96,Monitor
2023,408,2025-07-09,160.09,Mouse
2024,408,2025-06-21,905.57,Laptop
2025,408,2025-03-20,520.23,Speaker
2026,408,2025-01-24,483.36,Webcam
2027,408,2026-01-04,845.61,Phone
2028,408,2025-08-26,544.73,Laptop
2029,408,2025-02-15,390.58,Speaker
2030,408,2025-10-27,129.99,Charger
2031,409,2025-04-26,340.11,Monitor
2032,409,2025-10-31,406.61,Phone
2033,409,2025-08-01,371.7,Mouse
2034,409,2025-10-30,89.65,Speaker
2035,409,2025-08-08,762.85,Monitor
2036,410,2025-06-02,211.09,Charger
2037,410,2025-03-24,48.94,Webcam
2038,410,2025-08-01,664.13,Monitor
2039,410,2025-03-27,698.92,Phone
2040,410,2025-11-02,634.31,Mouse
2041,410,2025-05-17,491.64,Speaker
2042,410,2025-03-21,737.97,Tablet
2043,410,2025-04-27,45.34,Laptop
2044,410,2025-11-11,722.54,Headphones
2045,410,2025-07-20,494.34,Phone
2046,411,2025-12-11,646.97,Speaker
2047,411,2025-06-11,538.6,Speaker
2048,411,2025-03-20,966.91,Laptop
2049,411,2025-07-08,46.67,Laptop
2050,411,2025-11-23,344.34,Laptop
2051,411,2025-04-16,411.45,Headphones
2052,411,2025-08-28,809.03,Charger
2053,411,2025-06-01,463.79,Charger
2054,412,2025-10-31,743.64,Headphones
2055,412,2025-07-06,925.57,Laptop
2056,413,2025-07-03,494.01,Laptop
2057,413,2025-10-04,476.51,Laptop
2058,414,2025-10-06,704.28,Tablet
2059,414,2025-03-18,24.22,Laptop
2060,414,2025-08-27,905.62,Phone
2061,415,2025-02-02,615.11,Phone
2062,415,2026-01-12,819.62,Phone
2063,415,2025-03-08,123.04,Headphones
2064,415,2025-05-03,72.48,Headphones
2065,415,2025-07-30,431.95,Webcam
2066,415,2025-07-16,330.99,Charger
2067,415,2025-10-21,145.96,Headphones
2068,417,2025-08-07,181.71,Phone
2069,417,2025-10-10,129.54,Tablet
2070,417,2025-12-09,759.97,Tablet
2071,417,2025-07-07,699.33,Charger
2072,417,2025-09-11,173.36,Headphones
2073,417,2025-07-27,926.42,Laptop
2074,417,2025-11-01,142.04,Webcam
2075,417,2025-08-17,779.89,Laptop
2076,417,2025-11-20,880.83,Phone
2077,420,2025-06-15,926.88,Monitor
2078,420,2025-04-20,422.06,Speaker
2079,421,2025-12-26,214.1,Monitor
2080,421,2025-03-20,527.86,Webcam
2081,422,2025-11-28,938.71,Laptop
2082,422,2025-03-05,600.31,Speaker
2083,422,2025-01-31,615.93,Phone
2084,423,2025-02-13,828.22,Monitor
2085,423,2026-01-17,354.38,Laptop
2086,423,2025-11-22,562.13,Headphones
2087,423,2025-03-01,126.33,Charger
2088,423,2025-12-14,977.02,Mouse
2089,423,2025-06-07,864.1,Charger
2090,423,2025-05-07,512.47,Speaker
2091,423,2025-01-26,772.63,Headphones
2092,423,2025-07-15,283.66,Headphones
2093,423,2025-10-19,121.55,Tablet
2094,424,2025-04-06,845.34,Speaker
2095,424,2025-10-28,502.54,Tablet
2096,424,2025-10-19,673.44,Laptop
2097,424,2025-07-01,63.49,Mouse
2098,424,2025-08-22,292.21,Webcam
2099,424,2025-10-22,258.87,Speaker
2100,424,2025-03-10,52.88,Laptop
2101,424,2025-11-04,925.61,Tablet
2102,424,2025-06-12,166.47,Laptop
2103,424,2025-03-11,490.21,Phone
2104,425,2025-12-13,896.13,Speaker
2105,426,2025-12-14,583.96,Webcam
2106,426,2025-04-20,206.76,Mouse
2107,426,2025-06-13,237.76,Phone
2108,426,2025-10-05,332.87,Phone
2109,426,2025-06-02,244.75,Webcam
2110,426,2025-04-02,871.19,Webcam
2111,426,2025-03-06,892.45,Phone
2112,426,2026-01-04,476.28,Speaker
2113,426,2025-04-17,63.8,Webcam
2114,427,2025-03-12,224.0,Speaker
2115,427,2025-09-09,186.28,Mouse
2116,428,2025-02-24,463.16,Headphones
2117,428,2025-06-03,635.7,Monitor
2118,429,2025-05-26,342.53,Laptop
2119,429,2025-12-16,695.29,Laptop
2120,429,2025-12-08,287.8,Phone
2121,430,2025-12-03,463.99,Tablet
2122,430,2025-02-15,762.74,Headphones
2123,430,2025-05-05,887.54,Tablet
2124,430,2025-11-14,791.65,Tablet
2125,430,2025-08-07,582.34,Charger
2126,430,2025-02-01,856.45,Phone
2127,430,2026-01-12,417.58,Charger
2128,431,2025-11-24,863.58,Headphones
2129,431,2025-02-11,595.67,Speaker
2130,431,2025-05-19,286.38,Webcam
2131,431,2025-05-11,738.82,Headphones
2132,431,2025-07-22,255.35,Webcam
2133,431,2025-01-22,583.67,Tablet
2134,431,2025-02-24,914.62,Laptop
2135,432,2025-10-17,980.38,Laptop
2136,432,2025-08-11,991.36,Charger
2137,432,2025-02-08,43.28,Charger
2138,432,2025-07-23,400.38,Phone
2139,432,2025-09-05,457.92,Headphones
2140,432,2025-06-02,92.26,Laptop
2141,433,2025-07-01,950.43,Tablet
2142,433,2025-05-20,364.82,Headphones
2143,433,2025-08-30,651.16,Phone
2144,433,2025-05-24,25.77,Monitor
2145,433,2025-05-17,170.18,Speaker
2146,433,2025-06-01,859.34,Laptop
2147,434,2025-11-07,469.12,Tablet
2148,434,2025-08-20,875.46,Webcam
2149,434,2025-12-07,193.1,Mouse
2150,434,2025-10-22,630.54,Laptop
2151,434,2025-06-25,861.78,Phone
2152,434,2025-07-25,391.03,Mouse
2153,434,2025-09-18,535.61,Monitor
2154,435,2025-08-06,755.36,Charger
2155,435,2025-10-19,579.48,Headphones
2156,435,2025-07-22,789.81,Phone
2157,435,2026-01-18,624.25,Mouse
2158,435,2025-03-15,738.4,Laptop
2159,435,2025-11-15,519.59,Mouse
2160,437,2025-05-18,389.13,Speaker
2161,438,2025-10-06,50.47,Mouse
2162,438,2025-10-12,183.51,Charger
2163,438,2025-09-07,707.82,Charger
2164,438,2025-03-11,712.24,Headphones
2165,438,2025-10-23,147.02,Mouse
2166,438,2025-03-30,246.25,Phone
2167,438,2025-08-31,652.55,Headphones
2168,438,2025-04-28,755.64,Headphones
2169,438,2025-04-08,327.26,Monitor
2170,439,2025-02-03,683.42,Monitor
2171,439,2025-01-22,63.92,Mouse
2172,439,2025-03-07,351.77,Speaker
2173,439,2025-06-20,506.44,Phone
2174,439,2025-03-29,475.46,Charger
2175,439,2025-11-06,681.53,Charger
2176,439,2025-12-07,900.46,Speaker
2177,439,2025-06-23,624.74,Phone
2178,440,2025-08-13,892.98,Speaker
2179,440,2026-01-15,96.44,Webcam
2180,440,2025-04-05,898.97,Monitor
2181,441,2026-01-15,118.27,Monitor
2182,442,2025-03-18,700.11,Speaker
2183,443,2025-01-31,876.24,Charger
2184,443,2025-10-11,952.58,Laptop
2185,444,2025-11-02,422.37,Charger
2186,444,2025-04-08,932.4,Speaker
2187,444,2025-12-18,353.23,Speaker
2188,444,2025-03-19,740.33,Laptop
2189,445,2025-09-21,197.17,Laptop
2190,445,2025-02-28,873.08,Headphones
2191,445,2025-09-20,836.6,Charger
2192,445,2025-11-11,648.23,Webcam
2193,446,2025-05-23,349.36,Mouse
2194,446,2025-10-11,491.29,Charger
2195,446,2025-06-03,843.49,Speaker
2196,446,2025-07-08,463.43,Tablet
2197,446,2026-01-03,899.3,Monitor
2198,446,2025-08-17,180.02,Monitor
2199,446,2025-08-06,234.51,Mouse
2200,446,2025-12-13,971.02,Laptop
2201,446,2025-10-16,156.85,Monitor
2202,447,2025-09-06,956.65,Tablet
2203,447,2025-05-17,714.69,Monitor
2204,447,2025-03-15,190.46,Tablet
2205,447,2025-09-24,840.94,Tablet
2206,447,2025-10-07,169.64,Phone
2207,447,2025-07-27,50.74,Mouse
2208,447,2025-04-30,578.78,Speaker
2209,448,2025-08-23,375.98,Headphones
2210,448,2025-12-12,566.86,Laptop
2211,448,2025-04-10,668.9,Mouse
2212,448,2025-01-26,156.46,Speaker
2213,449,2025-07-13,975.71,Charger
2214,449,2025-05-18,308.54,Laptop
2215,449,2025-07-23,410.52,Speaker
2216,449,2025-07-19,770.83,Speaker
2217,449,2025-10-10,928.53,Tablet
2218,449,2025-06-15,14.25,Charger
2219,449,2026-01-01,975.85,Mouse
2220,449,2025-05-07,650.77,Monitor
2221,450,2025-11-29,897.02,Tablet
2222,450,2025-02-25,801.58,Speaker
2223,450,2025-03-13,345.3,Phone
2224,450,2025-04-09,734.32,Laptop
2225,450,2025-10-31,148.03,Charger
2226,450,2025-12-06,125.71,Laptop
2227,450,2025-04-19,407.61,Headphones
2228,451,2025-12-15,363.82,Mouse
2229,451,2025-12-22,64.48,Headphones
2230,451,2025-09-30,587.6,Headphones
2231,451,2025-07-22,783.47,Monitor
2232,451,2025-06-18,203.76,Phone
2233,451,2025-06-13,543.03,Speaker
2234,451,2025-08-13,680.29,Phone
2235,452,2025-05-07,400.48,Speaker
2236,452,2025-04-16,324.58,Charger
2237,452,2025-09-03,943.97,Mouse
2238,452,2025-12-31,403.58,Webcam
2239,452,2025-09-17,375.93,Mouse
2240,452,2025-10-28,22.07,Mouse
2241,452,2025-12-22,357.84,Speaker
2242,452,2025-02-07,875.56,Phone
2243,453,2025-06-15,730.57,Speaker
2244,453,2025-06-25,744.11,Webcam
2245,453,2025-06-18,805.65,Monitor
2246,454,2026-01-11,807.62,Webcam
2247,454,2025-05-20,731.32,Webcam
2248,455,2025-06-02,837.16,Phone
2249,455,2025-05-10,152.2,Monitor
2250,456,2025-07-15,988.5,Charger
2251,456,2026-01-18,986.77,Phone
2252,456,2025-12-23,933.82,Webcam
2253,456,2025-06-12,97.56,Webcam
2254,456,2025-04-06,642.42,Monitor
2255,456,2025-06-24,420.37,Charger
2256,456,2025-04-14,467.5,Tablet
2257,457,2025-04-17,194.15,Webcam
2258,457,2025-11-08,296.57,Speaker
2259,457,2025-05-21,51.81,Monitor
2260,458,2025-08-24,310.88,Charger
2261,458,2025-08-23,742.46,Headphones
2262,458,2025-11-26,36.57,Laptop
2263,458,2025-02-23,162.48,Monitor
2264,458,2025-02-17,956.47,Speaker
2265,458,2025-10-14,132.94,Monitor
2266,458,2025-03-13,422.99,Speaker
2267,458,2025-06-23,907.73,Headphones
2268,458,2025-12-12,38.16,Monitor
2269,459,2025-12-25,994.39,Phone
2270,459,2025-11-04,602.9,Mouse
2271,459,2025-09-30,585.26,Webcam
2272,459,2025-03-14,869.66,Speaker
2273,459,2025-02-05,974.52,Phone
2274,459,2025-07-09,379.47,Laptop
2275,459,2025-01-29,846.83,Tablet
2276,460,2025-05-04,67.93,Mouse
2277,460,2025-11-22,466.43,Tablet
2278,460,2025-09-23,363.81,Laptop
2279,460,2025-12-20,279.94,Webcam
2280,460,2025-10-01,639.88,Mouse
2281,460,2025-09-18,58.23,Monitor
2282,460,2025-02-19,534.32,Phone
2283,460,2025-03-19,518.73,Tablet
2284,460,2025-05-11,767.04,Tablet
2285,461,2025-02-23,329.38,Mouse
2286,461,2026-01-17,828.55,Monitor
2287,461,2025-02-17,278.74,Mouse
2288,461,2025-02-01,104.88,Mouse
2289,461,2025-01-18,825.08,Laptop
2290,461,2025-12-21,145.58,Monitor
2291,461,2025-11-02,379.28,Speaker
2292,461,2025-12-12,417.87,Tablet
2293,462,2025-11-15,225.7,Charger
2294,463,2025-07-16,833.26,Charger
2295,463,2025-04-25,617.29,Charger
2296,463,2025-05-04,847.61,Charger
2297,464,2025-11-20,423.17,Phone
2298,465,2025-02-13,820.66,Laptop
2299,466,2025-08-30,354.73,Mouse
2300,466,2025-03-09,147.62,Speaker
2301,466,2025-07-06,890.83,Charger
2302,466,2025-11-25,765.95,Mouse
2303,466,2025-03-16,180.49,Monitor
2304,466,2025-10-29,38.47,Phone
2305,466,2025-07-25,230.13,Tablet
2306,467,2025-07-18,314.35,Headphones
2307,467,2025-04-09,138.92,Phone
2308,467,2025-05-01,430.56,Phone
2309,468,2025-06-10,28.62,Speaker
2310,469,2025-05-21,52.09,Phone
2311,469,2025-03-18,42.46,Charger
2312,469,2025-07-09,597.24,Speaker
2313,469,2025-07-02,127.73,Monitor
2314,469,2026-01-01,52.85,Monitor
2315,469,2025-05-10,670.91,Phone
2316,470,2025-09-14,920.9,Headphones
2317,471,2025-11-12,902.16,Tablet
2318,471,2025-06-19,673.89,Laptop
2319,471,2025-12-24,99.87,Monitor
2320,471,2025-11-04,949.3,Mouse
2321,471,2025-11-24,358.68,Charger
2322,471,2025-09-18,782.99,Headphones
2323,471,2025-04-05,509.86,Phone
2324,471,2025-07-05,108.11,Laptop
2325,471,2025-10-02,533.55,Headphones
2326,472,2025-01-31,180.06,Charger
2327,472,2025-02-08,14.29,Phone
2328,472,2025-12-04,924.99,Charger
2329,472,2025-03-13,852.78,Speaker
2330,473,2026-01-18,701.15,Tablet
2331,473,2025-03-05,445.27,Phone
2332,473,2025-10-09,189.04,Mouse
2333,473,2025-05-01,981.49,Webcam
2334,473,2025-05-19,222.13,Headphones
2335,474,2025-05-15,121.72,Mouse
2336,474,2025-04-15,132.38,Phone
2337,474,2025-07-13,524.53,Speaker
2338,474,2025-06-17,764.65,Monitor
2339,474,2025-12-24,561.56,Laptop
2340,474,2025-09-19,91.43,Speaker
2341,475,2025-09-20,390.93,Speaker
2342,476,2025-10-11,738.81,Speaker
2343,476,2025-05-08,233.61,Webcam
2344,476,2025-10-04,297.68,Webcam
2345,476,2025-12-11,196.9,Phone
2346,476,2025-09-15,895.81,Speaker
2347,476,2025-05-31,939.69,Mouse
2348,476,2025-06-10,187.5,Speaker
2349,476,2025-05-24,675.37,Webcam
2350,476,2025-02-04,443.68,Phone
2351,477,2025-11-21,151.93,Webcam
2352,478,2025-11-08,977.8,Tablet
2353,478,2025-06-09,74.06,Headphones
2354,478,2025-11-11,345.25,Webcam
2355,478,2025-07-06,131.53,Webcam
2356,478,2026-01-06,727.95,Monitor
2357,478,2025-10-31,767.17,Monitor
2358,478,2025-11-29,758.74,Webcam
2359,478,2025-07-01,362.54,Webcam
2360,478,2025-11-12,987.65,Charger
2361,479,2025-10-17,155.9,Speaker
2362,479,2025-10-03,116.96,Monitor
2363,479,2025-09-15,494.45,Headphones
2364,479,2026-01-03,632.09,Tablet
2365,481,2025-10-20,740.42,Phone
2366,482,2025-12-01,681.33,Tablet
2367,482,2025-03-26,388.81,Mouse
2368,482,2025-12-02,161.21,Phone
2369,482,2025-03-19,762.57,Charger
2370,482,2025-04-19,769.9,Speaker
2371,482,2025-02-21,209.91,Speaker
2372,482,2025-12-04,495.35,Monitor
2373,483,2025-05-20,350.18,Charger
2374,483,2025-02-02,551.15,Laptop
2375,483,2025-03-10,990.8,Phone
2376,483,2025-07-24,389.79,Mouse
2377,483,2025-07-18,854.35,Speaker
2378,483,2025-04-29,465.06,Laptop
2379,483,2025-04-02,185.1,Monitor
2380,483,2025-03-25,885.85,Tablet
2381,484,2025-02-01,436.37,Monitor
2382,484,2025-01-21,718.57,Speaker
2383,484,2025-05-30,766.37,Speaker
2384,484,2025-05-23,663.48,Charger
2385,484,2025-08-31,576.49,Speaker
2386,484,2025-05-21,566.63,Tablet
2387,484,2025-02-25,511.62,Webcam
2388,485,2025-10-27,499.74,Webcam
2389,485,2026-01-07,620.77,Mouse
2390,485,2025-04-01,768.81,Monitor
2391,485,2025-03-13,327.28,Laptop
2392,486,2025-09-24,54.67,Mouse
2393,486,2025-11-27,355.39,Laptop
2394,486,2025-10-17,767.54,Mouse
2395,486,2025-04-28,386.77,Webcam
2396,486,2025-06-09,351.69,Mouse
2397,486,2025-07-30,417.81,Laptop
2398,486,2025-08-22,664.63,Headphones
2399,486,2025-12-23,242.28,Monitor
2400,486,2025-03-30,596.61,Phone
2401,487,2025-10-26,123.33,Tablet
2402,487,2025-10-12,29.51,Mouse
2403,487,2025-02-01,47.0,Webcam
2404,487,2026-01-05,572.37,Webcam
2405,488,2025-08-22,30.2,Speaker
2406,488,2025-05-04,592.11,Mouse
2407,488,2026-01-17,383.96,Webcam
2408,488,2025-07-04,329.2,Phone
2409,489,2025-05-02,109.06,Headphones
2410,489,2025-01-24,342.61,Charger
2411,489,2025-08-21,813.34,Mouse
2412,489,2026-01-06,174.96,Monitor
2413,489,2025-02-09,369.7,Webcam
2414,489,2025-11-17,209.74,Phone
2415,489,2025-06-19,841.98,Charger
2416,490,2025-07-06,294.48,Laptop
2417,490,2025-12-07,304.35,Webcam
2418,490,2025-08-15,806.56,Phone
2419,491,2025-12-21,103.79,Mouse
2420,491,2025-11-19,280.63,Charger
2421,491,2025-04-09,480.52,Headphones
2422,491,2025-04-24,353.84,Phone
2423,491,2025-12-10,655.02,Monitor
2424,491,2025-11-25,509.59,Monitor
2425,491,2025-11-12,438.58,Charger
2426,491,2025-09-19,320.22,Webcam
2427,491,2025-08-18,408.28,Charger
2428,492,2025-06-11,674.84,Charger
2429,492,2025-01-19,188.79,Laptop
2430,492,2025-04-11,631.57,Charger
2431,492,2025-04-09,864.08,Speaker
2432,492,2025-11-14,220.82,Speaker
2433,492,2025-04-15,275.26,Charger
2434,492,2025-01-18,810.84,Webcam
2435,493,2025-02-04,729.35,Laptop
2436,493,2025-02-14,527.05,Mouse
2437,493,2025-11-08,467.86,Headphones
2438,493,2025-08-01,158.97,Monitor
2439,493,2025-12-13,845.68,Webcam
2440,493,2025-12-28,325.47,Phone
2441,493,2025-01-23,637.59,Webcam
2442,493,2025-12-01,274.27,Monitor
2443,493,2025-10-13,649.58,Monitor
2444,494,2025-10-25,605.22,Webcam
2445,494,2025-11-02,246.1,Tablet
2446,494,2025-10-26,200.0,Headphones
2447,494,2025-09-17,799.07,Monitor
2448,494,2025-07-18,469.52,Charger
2449,494,2025-08-18,991.38,Webcam
2450,494,2025-08-01,650.45,Laptop
2451,494,2025-08-08,209.97,Monitor
2452,494,2025-10-30,145.07,Monitor
2453,494,2025-11-27,791.77,Monitor
2454,495,2025-12-22,555.2,Laptop
2455,495,2025-06-09,964.15,Speaker
2456,495,2025-10-10,784.41,Laptop
2457,495,2025-03-23,860.99,Phone
2458,495,2025-09-15,320.77,Monitor
2459,495,2025-01-23,868.5,Webcam
2460,495,2025-06-24,897.81,Phone
2461,495,2025-05-18,402.93,Tablet
2462,495,2025-04-17,243.68,Charger
2463,495,2025-07-12,933.61,Charger
2464,496,2025-02-23,830.69,Charger
2465,496,2025-12-24,259.29,Phone
2466,496,2025-10-12,245.7,Phone
2467,496,2025-03-20,775.46,Mouse
2468,496,2025-05-04,335.99,Webcam
2469,496,2025-04-22,807.78,Headphones
2470,496,2025-03-18,936.15,Headphones
2471,496,2025-06-23,152.84,Tablet
2472,496,2025-10-11,221.97,Monitor
2473,496,2025-05-30,445.08,Monitor
2474,497,2025-10-25,65.37,Charger
2475,497,2025-05-03,380.96,Phone
2476,497,2026-01-18,323.33,Webcam
2477,497,2025-09-28,480.11,Headphones
2478,497,2025-09-08,963.68,Tablet
2479,497,2025-02-14,369.37,Mouse
2480,497,2025-03-15,823.15,Laptop
2481,497,2025-03-03,648.94,Laptop
2482,497,2025-12-26,843.06,Laptop
2483,498,2026-01-02,247.28,Charger
2484,498,2025-02-11,390.84,Mouse
2485,498,2025-10-26,904.13,Phone
2486,498,2025-10-22,539.56,Headphones
2487,498,2025-04-26,859.07,Webcam
2488,498,2025-03-24,17.79,Webcam
2489,498,2025-10-24,928.23,Monitor
2490,498,2025-05-21,307.88,Headphones
2491,498,2025-07-20,304.45,Tablet
2492,498,2025-11-19,916.73,Mouse
2493,499,2025-08-01,412.23,Laptop
2494,499,2025-07-23,281.3,Phone
2495,499,2025-07-13,824.97,Speaker
2496,499,2025-08-30,476.38,Webcam
2497,499,2025-11-01,927.23,Mouse
2498,499,2025-05-28,720.21,Phone
2499,499,2025-02-20,826.16,Monitor
2500,499,2025-03-23,511.27,Mouse
2501,499,2025-11-09,426.66,Charger
2502,499,2025-08-05,740.41,Speaker
2503,502,2025-04-19,645.18,Speaker
2504,502,2025-01-24,793.11,Tablet
2505,502,2025-12-18,13.05,Headphones
2506,502,2025-11-08,632.01,Mouse
2507,502,2025-11-04,580.05,Phone
2508,502,2025-02-18,166.24,Charger
2509,502,2025-02-10,716.43,Tablet
2510,502,2025-03-12,848.49,Webcam
2511,502,2025-03-17,794.72,Mouse
2512,502,2025-11-12,456.98,Tablet
2513,503,2025-08-01,181.74,Mouse
2514,503,2025-07-12,801.53,Headphones
2515,503,2025-12-22,93.55,Mouse
2516,503,2025-09-06,190.07,Webcam
2517,504,2025-01-28,232.24,Laptop
2518,504,2025-11-26,923.88,Headphones
2519,504,2025-11-04,907.78,Speaker
2520,504,2025-06-25,206.28,Tablet
2521,504,2025-11-09,59.29,Webcam
2522,504,2025-10-28,604.39,Tablet
2523,504,2025-06-14,98.17,Mouse
2524,504,2025-03-20,178.42,Phone
2525,504,2025-09-02,23.97,Charger
2526,505,2025-07-13,775.63,Speaker
2527,505,2025-08-20,828.98,Speaker
2528,505,2025-09-30,127.33,Headphones
2529,505,2026-01-10,198.64,Monitor
2530,505,2025-10-17,295.08,Speaker
2531,505,2025-11-19,388.25,Webcam
2532,506,2025-12-25,604.08,Monitor
2533,506,2025-10-30,729.44,Headphones
2534,506,2025-08-10,424.15,Webcam
2535,507,2025-07-04,38.49,Monitor
2536,507,2025-05-15,243.13,Speaker
2537,508,2025-06-02,375.94,Speaker
2538,508,2025-12-13,94.88,Speaker
2539,508,2025-01-31,141.87,Mouse
2540,509,2025-03-27,689.98,Webcam
2541,509,2025-08-14,711.37,Monitor
2542,509,2025-01-24,82.33,Charger
2543,509,2025-09-18,68.16,Mouse
2544,509,2025-06-03,931.75,Speaker
2545,509,2025-05-21,909.14,Laptop
2546,511,2025-10-19,509.5,Webcam
2547,511,2025-01-20,309.48,Webcam
2548,511,2025-05-13,674.55,Tablet
2549,511,2025-07-06,968.38,Charger
2550,513,2025-03-08,187.58,Tablet
2551,513,2025-02-22,508.71,Mouse
2552,513,2025-07-27,879.12,Tablet
2553,513,2025-10-25,98.75,Charger
2554,513,2025-08-22,438.6,Monitor
2555,513,2025-07-10,125.67,Laptop
2556,513,2025-08-08,978.73,Speaker
2557,513,2025-08-07,872.96,Monitor
2558,513,2025-10-23,750.35,Webcam
2559,514,2025-03-02,903.76,Monitor
2560,514,2025-11-10,616.8,Monitor
2561,514,2025-11-01,521.8,Webcam
2562,514,2025-09-08,893.75,Mouse
2563,515,2025-04-18,766.04,Tablet
2564,515,2025-08-02,560.12,Speaker
2565,515,2025-06-22,62.69,Tablet
2566,515,2025-02-01,64.02,Tablet
2567,515,2025-02-26,45.5,Monitor
2568,515,2025-12-27,171.92,Speaker
2569,515,2025-09-18,442.07,Speaker
2570,517,2026-01-18,362.95,Charger
2571,517,2025-09-29,490.35,Speaker
2572,517,2025-11-12,121.37,Tablet
2573,517,2026-01-18,132.42,Phone
2574,517,2025-04-30,211.7,Monitor
2575,517,2025-11-25,188.85,Tablet
2576,517,2026-01-12,752.44,Monitor
2577,518,2026-01-09,891.99,Headphones
2578,518,2025-05-31,587.71,Laptop
2579,518,2025-07-19,530.76,Tablet
2580,518,2025-10-15,422.25,Phone
2581,518,2025-06-15,253.7,Speaker
2582,518,2025-01-27,680.14,Mouse
2583,518,2025-05-02,35.7,Phone
2584,518,2025-03-26,400.23,Phone
2585,518,2025-02-21,838.61,Tablet
2586,520,2025-03-09,465.63,Speaker
2587,521,2025-07-29,632.07,Monitor
2588,521,2025-08-25,598.26,Laptop
2589,521,2025-02-23,336.13,Laptop
2590,521,2025-02-28,659.61,Speaker
2591,521,2026-01-09,331.67,Tablet
2592,521,2025-10-26,219.25,Laptop
2593,521,2025-05-14,803.54,Monitor
2594,522,2025-03-04,800.17,Phone
2595,522,2025-08-16,551.68,Webcam
2596,522,2025-08-19,101.63,Monitor
2597,522,2025-02-15,186.23,Webcam
2598,522,2025-02-04,98.3,Headphones
2599,523,2025-05-12,394.62,Webcam
2600,523,2025-10-23,292.09,Tablet
2601,524,2025-10-21,305.56,Webcam
2602,525,2025-12-18,904.7,Tablet
2603,525,2025-02-16,365.45,Phone
2604,525,2025-10-05,833.73,Charger
2605,525,2025-12-26,207.87,Speaker
2606,526,2025-12-02,481.68,Webcam
2607,526,2025-08-05,99.32,Webcam
2608,526,2025-12-15,812.88,Tablet
2609,526,2025-09-15,439.76,Webcam
2610,526,2025-02-23,102.02,Charger
2611,526,2025-06-14,348.33,Speaker
2612,527,2025-12-24,231.99,Tablet
2613,527,2025-05-12,931.36,Charger
2614,527,2025-12-05,633.26,Charger
2615,527,2025-02-21,93.13,Speaker
2616,527,2025-05-19,442.98,Speaker
2617,527,2025-10-16,307.39,Tablet
2618,527,2025-03-09,687.47,Monitor
2619,527,2025-02-21,843.12,Charger
2620,527,2025-12-29,433.45,Laptop
2621,527,2025-01-19,555.48,Laptop
2622,528,2025-12-10,116.56,Webcam
2623,528,2025-02-02,418.89,Speaker
2624,528,2025-11-10,664.25,Monitor
2625,528,2025-06-15,361.9,Phone
2626,528,2025-02-26,770.96,Laptop
2627,528,2025-03-17,122.8,Speaker
2628,528,2025-12-27,187.76,Tablet
2629,528,2025-12-11,844.48,Laptop
2630,529,2025-04-18,422.09,Monitor
2631,530,2025-05-20,591.34,Speaker
2632,530,2025-03-26,759.78,Speaker
2633,530,2025-12-20,627.57,Monitor
2634,530,2025-10-01,347.92,Tablet
2635,530,2025-02-25,218.96,Phone
2636,531,2025-11-11,266.72,Phone
2637,531,2025-07-09,439.46,Laptop
2638,531,2025-10-11,15.79,Phone
2639,531,2025-03-05,23.17,Speaker
2640,531,2025-10-15,465.56,Webcam
2641,531,2025-11-14,870.09,Speaker
2642,531,2025-09-24,309.77,Mouse
2643,531,2025-04-15,693.76,Webcam
2644,531,2025-06-16,806.59,Phone
2645,532,2025-09-24,143.76,Headphones
2646,532,2025-12-04,120.79,Laptop
2647,533,2025-08-17,860.42,Headphones
2648,533,2025-10-12,486.31,Tablet
2649,533,2025-11-22,653.24,Webcam
2650,534,2025-07-17,859.61,Charger
2651,534,2025-04-15,199.01,Monitor
2652,534,2025-06-24,772.02,Tablet
2653,534,2025-08-30,479.25,Laptop
2654,534,2025-06-09,125.29,Tablet
2655,534,2025-11-15,741.39,Speaker
2656,534,2025-05-05,964.23,Speaker
2657,534,2025-03-08,29.43,Speaker
2658,534,2026-01-09,589.37,Headphones
2659,534,2025-06-17,301.88,Webcam
2660,536,2025-08-17,17.8,Webcam
2661,536,2025-04-26,979.69,Speaker
2662,536,2025-08-31,739.71,Charger
2663,536,2025-12-09,999.04,Laptop
2664,536,2025-10-03,492.62,Speaker
2665,537,2025-04-21,595.13,Speaker
2666,537,2025-08-27,239.59,Laptop
2667,537,2025-01-18,533.03,Webcam
2668,537,2025-02-28,580.64,Charger
2669,537,2025-08-22,72.88,Webcam
2670,537,2025-10-18,890.25,Phone
2671,537,2025-09-28,499.84,Mouse
2672,537,2025-08-17,453.84,Webcam
2673,539,2025-11-12,295.13,Headphones
2674,539,2025-08-18,474.55,Speaker
2675,540,2026-01-06,512.56,Mouse
2676,540,2025-04-19,922.52,Speaker
2677,540,2025-10-05,139.85,Monitor
2678,541,2025-04-12,960.21,Mouse
2679,541,2025-04-19,798.01,Tablet
2680,541,2025-02-04,625.62,Monitor
2681,541,2025-02-13,693.79,Phone
2682,541,2025-06-11,670.39,Tablet
2683,541,2026-01-06,181.56,Tablet
2684,542,2025-04-29,497.26,Webcam
2685,542,2025-02-28,943.62,Speaker
2686,542,2025-01-19,310.62,Headphones
2687,542,2025-04-04,561.26,Laptop
2688,542,2025-02-27,365.2,Monitor
2689,542,2025-09-29,363.47,Tablet
2690,542,2025-06-18,182.97,Charger
2691,542,2025-05-22,41.65,Phone
2692,542,2025-06-30,344.36,Phone
2693,543,2025-03-12,234.42,Charger
2694,543,2025-09-12,231.85,Monitor
2695,543,2025-03-04,993.73,Mouse
2696,543,2025-06-01,771.68,Charger
2697,543,2026-01-10,274.82,Tablet
2698,543,2025-06-05,854.87,Charger
2699,543,2025-07-26,608.25,Phone
2700,543,2025-04-28,709.34,Speaker
2701,543,2025-09-17,801.0,Phone
2702,544,2025-11-27,783.84,Phone
2703,545,2025-03-12,51.55,Phone
2704,545,2025-06-09,175.38,Phone
2705,545,2025-03-27,872.16,Mouse
2706,545,2025-09-18,165.46,Monitor
2707,545,2025-12-30,711.08,Charger
2708,545,2025-04-16,503.41,Phone
2709,545,2025-07-15,162.75,Mouse
2710,545,2025-04-28,341.26,Tablet
2711,546,2025-02-04,850.11,Speaker
2712,547,2025-01-19,771.53,Laptop
2713,547,2025-07-06,252.86,Speaker
2714,547,2025-02-09,347.91,Charger
2715,547,2025-12-09,179.55,Monitor
2716,547,2025-02-08,378.71,Webcam
2717,547,2025-07-04,367.04,Headphones
2718,548,2025-05-03,755.67,Charger
2719,548,2025-06-18,427.5,Headphones
2720,549,2025-12-06,803.75,Webcam
2721,549,2025-03-10,918.84,Speaker
2722,550,2025-04-30,796.66,Mouse
2723,550,2025-06-22,944.3,Speaker
2724,550,2025-01-23,154.13,Laptop
2725,550,2025-11-01,720.45,Charger
2726,550,2025-07-30,944.21,Phone
2727,550,2025-08-20,344.92,Webcam
2728,550,2025-05-25,982.13,Tablet
2729,550,2025-09-10,439.73,Webcam
2730,552,2025-07-01,923.29,Tablet
2731,552,2025-09-26,903.49,Laptop
2732,552,2025-04-28,977.96,Charger
2733,552,2025-07-11,972.93,Webcam
2734,552,2025-06-09,407.98,Charger
2735,552,2025-03-17,874.81,Mouse
2736,552,2025-04-08,910.14,Laptop
2737,552,2025-12-15,828.73,Charger
2738,552,2025-01-24,614.3,Tablet
2739,552,2025-04-13,703.29,Speaker
2740,553,2025-07-14,213.08,Charger
2741,553,2025-04-08,628.12,Speaker
2742,553,2025-12-31,700.5,Webcam
2743,553,2025-07-23,777.65,Monitor
2744,553,2025-12-25,93.44,Charger
2745,553,2025-02-27,341.15,Tablet
2746,553,2025-10-08,525.27,Charger
2747,553,2025-07-28,291.09,Phone
2748,553,2025-09-27,516.55,Monitor
2749,553,2025-04-27,526.12,Tablet
2750,556,2025-09-15,596.58,Headphones
2751,556,2025-11-06,833.91,Monitor
2752,556,2025-10-18,729.24,Charger
2753,556,2025-01-25,119.34,Laptop
2754,556,2025-08-13,843.17,Monitor
2755,556,2025-12-07,630.72,Mouse
2756,556,2025-04-16,132.57,Phone
2757,556,2025-05-01,454.25,Laptop
2758,557,2025-11-10,345.59,Headphones
2759,557,2025-10-22,807.33,Charger
2760,557,2025-09-19,846.05,Headphones
2761,557,2025-08-09,356.83,Monitor
2762,557,2025-08-30,670.25,Tablet
2763,557,2025-11-06,717.21,Charger
2764,557,2025-07-30,740.14,Phone
2765,558,2025-03-25,521.29,Headphones
2766,558,2025-07-18,824.61,Mouse
2767,558,2025-07-30,459.77,Tablet
2768,558,2025-03-13,714.52,Webcam
2769,558,2025-01-25,91.13,Laptop
2770,559,2025-10-26,889.62,Speaker
2771,559,2025-10-26,222.64,Phone
2772,559,2025-06-20,375.6,Charger
2773,559,2025-05-22,408.73,Charger
2774,559,2025-07-13,523.76,Webcam
2775,559,2025-03-27,873.29,Speaker
2776,560,2025-10-13,429.19,Speaker
2777,560,2025-10-08,692.13,Speaker
2778,560,2025-06-22,734.4,Webcam
2779,560,2025-09-29,825.57,Tablet
2780,560,2025-04-27,510.73,Speaker
2781,560,2025-04-01,714.04,Tablet
2782,560,2025-06-14,968.35,Charger
2783,560,2025-11-22,864.64,Phone
2784,560,2025-08-26,697.53,Speaker
2785,560,2025-08-12,478.62,Tablet
2786,561,2025-02-22,375.64,Phone
2787,561,2025-07-09,605.58,Webcam
2788,561,2025-03-30,119.23,Mouse
2789,561,2025-04-17,576.05,Laptop
2790,561,2025-02-03,527.55,Phone
2791,561,2025-05-21,377.75,Mouse
2792,561,2025-07-09,310.23,Speaker
2793,561,2025-04-16,37.7,Tablet
2794,562,2025-05-20,785.95,Webcam
2795,562,2025-04-11,58.16,Monitor
2796,563,2026-01-03,223.43,Speaker
2797,563,2025-01-24,12.06,Charger
2798,563,2025-02-14,355.16,Laptop
2799,563,2025-08-12,423.4,Monitor
2800,564,2025-03-09,457.85,Mouse
2801,564,2025-06-17,783.54,Speaker
2802,564,2025-02-03,836.12,Tablet
2803,564,2025-07-07,764.33,Charger
2804,564,2025-08-01,640.1,Speaker
2805,564,2025-10-15,670.55,Tablet
2806,564,2025-02-24,867.68,Mouse
2807,564,2026-01-15,98.42,Webcam
2808,564,2025-08-06,393.36,Webcam
2809,565,2025-10-07,545.58,Speaker
2810,565,2025-04-08,738.55,Phone
2811,565,2025-04-06,867.29,Laptop
2812,565,2025-06-02,576.27,Monitor
2813,565,2025-01-31,565.43,Phone
2814,566,2025-01-22,563.76,Headphones
2815,566,2025-08-21,955.62,Charger
2816,566,2025-03-03,581.09,Laptop
2817,566,2025-04-30,957.72,Charger
2818,566,2025-08-21,197.5,Speaker
2819,566,2025-07-01,507.61,Laptop
2820,566,2025-04-04,129.08,Charger
2821,566,2025-05-22,187.95,Laptop
2822,566,2025-04-14,282.21,Headphones
2823,566,2025-03-02,252.83,Speaker
2824,567,2025-11-08,808.85,Mouse
2825,568,2025-11-03,593.0,Speaker
2826,568,2025-08-02,863.35,Laptop
2827,568,2025-09-05,346.56,Tablet
2828,568,2025-10-23,420.79,Charger
2829,568,2025-02-03,324.21,Monitor
2830,568,2025-09-27,100.11,Phone
2831,569,2025-08-04,176.47,Tablet
2832,569,2025-09-15,190.84,Phone
2833,569,2025-09-29,162.69,Webcam
2834,569,2025-01-20,681.82,Laptop
2835,569,2025-11-22,618.33,Mouse
2836,569,2025-11-13,189.64,Laptop
2837,569,2025-04-07,305.04,Phone
2838,569,2025-06-17,326.84,Webcam
2839,570,2025-05-19,265.35,Phone
2840,570,2025-02-19,61.36,Headphones
2841,570,2025-08-19,754.61,Headphones
2842,570,2025-12-22,498.05,Charger
2843,570,2025-04-29,391.2,Phone
2844,571,2025-06-23,70.03,Speaker
2845,571,2025-05-25,557.59,Phone
2846,571,2025-05-28,489.33,Webcam
2847,571,2025-07-02,637.21,Laptop
2848,572,2025-09-29,558.53,Phone
2849,572,2025-01-27,253.85,Charger
2850,572,2025-02-22,655.04,Tablet
2851,572,2025-09-04,311.57,Webcam
2852,573,2025-01-25,93.07,Charger
2853,573,2025-04-28,211.42,Tablet
2854,573,2025-03-21,379.57,Tablet
2855,573,2025-03-16,784.2,Charger
2856,573,2025-10-14,953.09,Charger
2857,573,2025-10-13,457.22,Laptop
2858,573,2025-03-30,814.52,Monitor
2859,574,2025-04-04,972.36,Laptop
2860,574,2025-03-07,69.57,Speaker
2861,574,2025-07-05,280.57,Monitor
2862,574,2025-09-17,841.09,Webcam
2863,574,2025-04-10,999.25,Headphones
2864,574,2025-03-08,589.31,Charger
2865,574,2025-03-02,288.5,Tablet
2866,574,2025-12-17,741.79,Phone
2867,574,2025-04-02,307.63,Webcam
2868,574,2025-09-04,701.45,Tablet
2869,575,2025-12-06,998.83,Webcam
2870,575,2025-05-07,218.74,Charger
2871,575,2025-09-26,957.84,Mouse
2872,575,2025-03-15,885.09,Mouse
2873,575,2025-02-10,638.82,Speaker
2874,575,2025-12-13,280.28,Mouse
2875,575,2025-07-10,348.21,Speaker
2876,575,2025-01-20,959.4,Mouse
2877,577,2025-06-04,649.98,Laptop
2878,577,2025-08-01,612.7,Laptop
2879,579,2025-09-25,181.8,Charger
2880,579,2025-12-10,896.32,Speaker
2881,579,2025-02-26,764.84,Charger
2882,579,2025-10-24,90.34,Phone
2883,579,2025-04-05,543.26,Speaker
2884,579,2025-03-15,675.52,Mouse
2885,579,2025-02-26,972.32,Webcam
2886,579,2025-04-11,829.19,Mouse
2887,579,2025-11-11,392.88,Laptop
2888,579,2025-04-25,133.52,Mouse
2889,580,2025-07-27,450.13,Headphones
2890,580,2025-08-09,745.71,Monitor
2891,580,2025-09-22,683.75,Mouse
2892,581,2025-12-31,99.07,Monitor
2893,581,2025-12-25,810.33,Headphones
2894,581,2025-12-13,241.92,Speaker
2895,582,2025-12-19,46.43,Speaker
2896,582,2026-01-13,905.46,Headphones
2897,582,2025-12-08,17.06,Webcam
2898,582,2025-03-16,119.84,Monitor
2899,582,2026-01-17,573.41,Speaker
2900,583,2025-08-01,556.27,Tablet
2901,583,2025-08-13,74.71,Tablet
2902,584,2026-01-02,136.16,Headphones
2903,585,2025-06-22,731.61,Monitor
2904,585,2025-08-29,199.93,Laptop
2905,585,2025-11-04,992.03,Charger
2906,585,2025-04-30,618.31,Charger
2907,585,2025-04-23,884.27,Laptop
2908,585,2025-04-06,938.51,Laptop
2909,585,2025-10-13,855.32,Mouse
2910,585,2025-10-27,438.22,Webcam
2911,586,2025-01-25,130.5,Charger
2912,586,2025-06-15,471.92,Mouse
2913,586,2025-06-04,522.08,Laptop
2914,586,2025-08-01,884.96,Headphones
2915,588,2025-12-23,919.21,Charger
2916,588,2025-12-04,454.37,Laptop
2917,588,2025-03-01,397.94,Mouse
2918,588,2025-09-29,90.99,Laptop
2919,589,2025-12-13,978.31,Webcam
2920,589,2025-04-12,958.2,Headphones
2921,589,2025-10-01,204.91,Mouse
2922,590,2025-12-31,72.22,Phone
2923,590,2025-02-28,37.59,Webcam
2924,590,2025-07-12,809.98,Mouse
2925,590,2025-12-16,842.1,Headphones
2926,591,2025-08-18,478.84,Mouse
2927,593,2025-10-14,524.48,Headphones
2928,593,2025-03-08,944.11,Speaker
2929,593,2025-07-26,766.46,Speaker
2930,593,2025-08-03,583.15,Phone
2931,593,2025-04-12,974.78,Laptop
2932,594,2025-03-05,320.15,Phone
2933,594,2025-12-16,784.82,Laptop
2934,594,2025-07-23,919.92,Speaker
2935,594,2025-08-28,64.24,Webcam
2936,594,2025-12-07,75.13,Laptop
2937,594,2025-04-16,563.67,Monitor
2938,595,2025-08-08,407.67,Webcam
2939,595,2025-05-22,240.78,Laptop
2940,595,2025-08-02,458.88,Speaker
2941,595,2025-04-23,797.21,Phone
2942,595,2025-05-19,346.22,Laptop
2943,595,2025-03-08,459.54,Mouse
2944,596,2025-03-24,200.56,Phone
2945,596,2025-06-23,22.17,Phone
2946,596,2025-11-25,596.96,Headphones
2947,596,2025-04-03,905.33,Tablet
2948,596,2025-11-07,640.99,Monitor
2949,596,2025-04-08,361.84,Speaker
2950,596,2025-09-07,727.38,Speaker
2951,596,2025-07-26,194.06,Tablet
2952,596,2025-09-03,799.06,Laptop
2953,597,2025-02-13,318.55,Webcam
2954,597,2025-10-08,517.99,Mouse
2955,598,2025-08-06,587.83,Charger
2956,598,2025-10-15,777.74,Tablet
2957,598,2025-05-15,474.83,Mouse
2958,598,2025-03-19,298.15,Laptop
2959,599,2025-04-29,590.58,Tablet
2960,599,2025-11-24,66.74,Charger
2961,599,2025-01-28,820.99,Charger
2962,599,2025-10-25,860.12,Webcam
2963,599,2025-10-30,350.38,Headphones
2964,599,2025-10-28,644.15,Headphones
2965,599,2025-09-27,787.41,Mouse
2966,599,2025-11-29,197.46,Speaker
2967,600,2025-10-09,603.76,Mouse
2968,600,2025-02-17,853.49,Mouse
2969,600,2025-03-19,619.94,Webcam
2970,600,2025-10-16,335.33,Phone
2971,600,2025-09-08,459.76,Laptop
2972,600,2025-02-16,500.97,Laptop
2973,600,2025-09-26,642.38,Headphones
2974,601,2025-07-12,627.68,Headphones
2975,601,2025-11-08,485.94,Mouse
2976,601,2025-06-27,809.2,Webcam
2977,601,2025-12-11,213.26,Tablet
2978,601,2025-09-12,827.82,Laptop
2979,601,2025-02-07,369.19,Phone
2980,601,2025-09-05,364.31,Charger
2981,602,2026-01-07,150.98,Speaker
2982,603,2025-01-27,635.02,Mouse
2983,603,2025-03-13,53.47,Laptop
2984,603,2025-05-27,207.13,Monitor
2985,604,2025-06-05,226.76,Monitor
2986,604,2025-03-01,721.65,Mouse
2987,605,2025-12-18,253.5,Headphones
2988,605,2025-09-11,31.28,Monitor
2989,605,2025-10-20,911.54,Laptop
2990,605,2025-04-23,833.13,Tablet
2991,605,2025-02-18,385.13,Phone
2992,605,2025-11-11,345.0,Headphones
2993,605,2025-08-25,312.02,Headphones
2994,605,2025-08-16,375.94,Mouse
2995,606,2025-07-11,179.65,Charger
2996,606,2025-07-16,977.33,Webcam
2997,606,2025-12-17,879.6,Phone
2998,606,2025-02-15,127.31,Tablet
2999,606,2025-03-23,796.95,Headphones
3000,606,2025-10-24,537.23,Mouse
3001,606,2025-07-20,324.77,Webcam
3002,606,2025-11-02,977.21,Headphones
3003,606,2025-05-12,921.8,Headphones
3004,606,2025-07-08,855.89,Monitor
3005,607,2025-07-22,334.4,Laptop
3006,607,2025-07-08,633.16,Monitor
3007,608,2025-02-03,852.99,Speaker
3008,608,2025-02-04,217.15,Phone
3009,609,2025-09-17,793.09,Phone
3010,609,2025-12-08,175.76,Webcam
3011,609,2025-06-05,753.79,Charger
3012,609,2025-09-08,380.52,Charger
3013,609,2025-02-19,469.62,Mouse
3014,609,2025-10-09,715.36,Charger
3015,609,2025-04-28,697.56,Speaker
3016,610,2025-03-13,275.65,Webcam
3017,610,2025-06-05,641.72,Laptop
3018,610,2025-03-03,215.13,Headphones
3019,610,2025-06-18,457.56,Headphones
3020,610,2025-11-05,401.94,Monitor
3021,610,2025-07-24,430.77,Webcam
3022,610,2026-01-15,575.66,Mouse
3023,611,2025-06-02,555.05,Tablet
3024,611,2025-02-04,754.11,Monitor
3025,611,2025-05-11,450.06,Mouse
3026,611,2025-03-21,237.88,Laptop
3027,612,2025-08-17,517.14,Mouse
3028,612,2025-10-12,431.84,Speaker
3029,612,2025-08-08,438.18,Mouse
3030,612,2025-02-01,806.46,Mouse
3031,612,2025-07-08,280.29,Laptop
3032,612,2025-06-15,187.77,Headphones
3033,612,2025-04-15,272.97,Phone
3034,613,2025-08-26,902.46,Monitor
3035,613,2025-08-30,844.18,Charger
3036,613,2025-07-05,551.19,Phone
3037,613,2025-05-27,788.01,Headphones
3038,613,2026-01-18,107.43,Phone
3039,614,2025-10-27,47.9,Headphones
3040,614,2025-10-29,340.42,Mouse
3041,614,2026-01-01,257.52,Monitor
3042,614,2025-11-27,198.74,Tablet
3043,614,2025-07-29,998.42,Charger
3044,615,2025-03-05,18.45,Monitor
3045,615,2025-02-09,289.03,Mouse
3046,615,2025-11-07,785.3,Webcam
3047,615,2025-12-23,946.36,Laptop
3048,616,2025-11-30,657.55,Tablet
3049,616,2025-04-20,866.81,Headphones
3050,616,2025-07-30,234.66,Headphones
3051,616,2025-12-09,479.69,Charger
3052,616,2025-12-18,591.13,Charger
3053,616,2025-10-15,760.05,Speaker
3054,616,2025-04-23,347.25,Phone
3055,617,2025-10-13,847.34,Webcam
3056,617,2026-01-05,772.43,Webcam
3057,617,2025-09-10,217.49,Speaker
3058,617,2025-08-06,854.41,Laptop
3059,617,2025-07-10,380.95,Tablet
3060,618,2025-12-06,943.92,Laptop
3061,618,2025-04-19,504.8,Mouse
3062,618,2025-03-29,346.42,Webcam
3063,618,2025-10-07,431.46,Webcam
3064,619,2025-03-27,306.64,Laptop
3065,619,2025-09-12,571.9,Laptop
3066,619,2025-06-13,922.92,Tablet
3067,619,2025-04-16,977.47,Mouse
3068,619,2025-09-21,572.51,Webcam
3069,619,2025-03-10,980.37,Headphones
3070,619,2025-06-13,949.21,Phone
3071,619,2025-09-23,539.15,Headphones
3072,620,2025-10-10,117.55,Speaker
3073,620,2025-07-27,642.61,Monitor
3074,620,2025-09-11,102.31,Phone
3075,620,2025-09-19,678.14,Tablet
3076,620,2025-05-10,41.74,Speaker
3077,620,2025-05-06,36.57,Headphones
3078,620,2025-01-25,78.8,Webcam
3079,621,2025-12-05,213.83,Monitor
3080,621,2025-10-21,662.97,Phone
3081,621,2025-03-06,460.12,Mouse
3082,621,2025-10-09,523.35,Tablet
3083,622,2025-11-23,861.11,Webcam
3084,622,2025-06-24,397.19,Phone
3085,622,2025-02-25,137.85,Webcam
3086,622,2026-01-04,483.47,Phone
3087,622,2025-04-20,395.1,Headphones
3088,623,2025-07-06,871.74,Monitor
3089,623,2025-02-01,437.88,Speaker
3090,624,2025-06-09,607.67,Monitor
3091,624,2025-12-30,591.62,Charger
3092,625,2025-09-06,464.37,Headphones
3093,625,2025-03-16,17.37,Tablet
3094,625,2025-12-30,451.27,Webcam
3095,625,2025-06-03,608.8,Headphones
3096,625,2025-05-04,530.6,Speaker
3097,625,2025-12-03,465.6,Laptop
3098,625,2025-03-27,739.92,Monitor
3099,625,2025-11-02,649.84,Speaker
3100,625,2025-10-08,353.31,Monitor
3101,625,2025-06-02,397.18,Tablet
3102,626,2025-08-04,256.64,Webcam
3103,626,2025-03-27,463.25,Tablet
3104,626,2025-03-29,701.54,Phone
3105,626,2025-11-30,399.62,Laptop
3106,626,2025-10-11,247.3,Tablet
3107,626,2025-09-19,281.04,Charger
3108,627,2025-07-08,669.99,Phone
3109,627,2025-05-10,701.06,Headphones
3110,627,2025-11-03,909.65,Webcam
3111,627,2025-11-29,992.47,Charger
3112,628,2025-07-24,995.36,Phone
3113,629,2026-01-04,509.35,Mouse
3114,630,2025-07-31,456.43,Monitor
3115,630,2025-12-19,215.3,Laptop
3116,630,2025-01-26,467.55,Phone
3117,630,2025-04-10,642.48,Speaker
3118,630,2025-02-26,387.34,Webcam
3119,630,2025-04-16,857.22,Webcam
3120,633,2025-09-30,123.54,Tablet
3121,633,2025-07-26,333.84,Speaker
3122,633,2025-11-17,489.91,Phone
3123,633,2025-04-28,91.72,Headphones
3124,634,2025-10-10,148.85,Monitor
3125,634,2025-03-08,843.15,Tablet
3126,634,2025-08-29,840.11,Phone
3127,634,2025-09-30,185.46,Phone
3128,634,2025-09-21,539.31,Webcam
3129,634,2025-05-22,176.77,Laptop
3130,634,2025-05-04,680.61,Tablet
3131,635,2025-09-08,364.51,Headphones
3132,635,2026-01-16,717.27,Charger
3133,635,2025-05-04,224.0,Laptop
3134,635,2025-04-02,838.14,Charger
3135,635,2025-04-07,644.6,Phone
3136,635,2026-01-07,396.71,Monitor
3137,635,2025-11-15,449.55,Laptop
3138,637,2025-03-30,769.44,Headphones
3139,637,2025-07-29,380.9,Headphones
3140,637,2025-08-20,207.99,Laptop
3141,637,2025-12-07,427.47,Laptop
3142,637,2025-03-03,343.75,Headphones
3143,637,2025-10-11,683.16,Phone
3144,638,2025-11-09,959.16,Phone
3145,638,2025-11-08,798.95,Tablet
3146,638,2025-02-19,726.77,Laptop
3147,639,2025-10-05,517.38,Mouse
3148,639,2025-07-03,329.45,Headphones
3149,639,2025-07-07,628.43,Charger
3150,639,2025-12-05,401.11,Webcam
3151,639,2025-03-04,129.6,Headphones
3152,639,2025-02-04,114.83,Mouse
3153,640,2026-01-10,24.84,Mouse
3154,640,2025-04-16,21.86,Headphones
3155,641,2025-02-20,227.9,Monitor
3156,641,2025-09-23,653.45,Mouse
3157,641,2025-07-17,53.5,Headphones
3158,641,2025-03-08,416.99,Speaker
3159,641,2025-09-10,983.27,Phone
3160,641,2026-01-18,715.41,Tablet
3161,641,2025-02-01,259.42,Phone
3162,642,2025-06-15,331.11,Webcam
3163,642,2025-01-30,681.12,Tablet
3164,642,2025-02-15,338.73,Mouse
3165,642,2025-02-17,978.24,Speaker
3166,642,2025-10-19,76.84,Laptop
3167,642,2025-10-23,612.45,Speaker
3168,642,2025-07-18,388.55,Headphones
3169,642,2026-01-04,508.39,Laptop
3170,642,2026-01-15,240.28,Phone
3171,643,2025-02-21,244.03,Webcam
3172,643,2026-01-04,759.67,Phone
3173,643,2025-11-28,69.32,Mouse
3174,643,2025-10-30,503.74,Headphones
3175,644,2025-10-08,381.99,Laptop
3176,644,2025-07-28,245.68,Speaker
3177,645,2025-01-21,142.92,Mouse
3178,645,2025-12-17,647.17,Laptop
3179,645,2025-04-04,525.66,Webcam
3180,645,2025-01-27,651.57,Monitor
3181,645,2025-11-10,753.05,Headphones
3182,646,2025-08-20,349.3,Headphones
3183,646,2025-05-20,543.92,Headphones
3184,646,2025-06-18,803.44,Headphones
3185,646,2025-08-07,611.98,Webcam
3186,646,2025-11-20,526.26,Tablet
3187,647,2025-07-28,633.48,Phone
3188,647,2025-01-22,871.17,Phone
3189,647,2025-09-26,954.12,Laptop
3190,647,2025-05-20,638.02,Tablet
3191,647,2025-09-08,938.89,Tablet
3192,647,2025-07-19,100.84,Charger
3193,647,2025-10-11,832.91,Headphones
3194,648,2025-11-15,512.35,Webcam
3195,648,2025-08-24,727.74,Monitor
3196,648,2026-01-04,172.52,Headphones
3197,649,2025-12-16,429.78,Headphones
3198,649,2025-12-19,310.07,Speaker
3199,649,2025-12-06,968.05,Headphones
3200,650,2025-09-23,863.8,Speaker
3201,650,2025-06-10,89.22,Mouse
3202,650,2025-08-29,404.26,Tablet
3203,650,2025-05-24,476.01,Webcam
3204,651,2025-12-08,613.3,Webcam
3205,651,2025-02-14,762.72,Speaker
3206,651,2025-08-26,29.61,Webcam
3207,651,2025-11-09,433.12,Phone
3208,651,2025-12-02,761.27,Monitor
3209,651,2025-09-08,599.23,Tablet
3210,651,2025-08-16,557.32,Tablet
3211,651,2025-02-26,264.72,Speaker
3212,652,2025-05-04,459.07,Webcam
3213,652,2025-04-12,566.52,Speaker
3214,652,2025-07-30,81.22,Tablet
3215,652,2025-05-23,717.71,Headphones
3216,653,2025-01-27,916.97,Laptop
3217,653,2025-03-09,22.71,Charger
3218,654,2026-01-17,496.54,Webcam
3219,654,2025-03-30,940.88,Mouse
3220,654,2025-11-12,390.2,Monitor
3221,654,2025-03-16,644.64,Phone
3222,654,2025-04-06,414.7,Laptop
3223,655,2025-08-26,390.98,Tablet
3224,656,2025-03-13,765.32,Monitor
3225,656,2025-04-15,773.56,Mouse
3226,656,2025-04-28,514.51,Speaker
3227,657,2025-05-21,691.6,Laptop
3228,657,2025-02-15,654.4,Webcam
3229,657,2025-04-21,738.31,Headphones
3230,657,2025-01-31,482.95,Mouse
3231,657,2025-10-18,634.64,Laptop
3232,657,2025-10-12,700.5,Tablet
3233,657,2025-03-06,268.72,Speaker
3234,657,2025-08-02,944.82,Tablet
3235,657,2025-12-28,261.75,Tablet
3236,657,2025-02-02,22.21,Phone
3237,658,2025-06-01,714.49,Webcam
3238,658,2025-01-25,403.69,Phone
3239,658,2025-11-03,523.35,Headphones
3240,658,2025-04-14,877.25,Tablet
3241,658,2025-12-26,831.45,Monitor
3242,658,2025-06-23,694.92,Charger
3243,658,2026-01-06,968.01,Webcam
3244,658,2025-10-17,590.22,Webcam
3245,658,2025-07-27,754.94,Phone
3246,658,2025-02-22,118.18,Mouse
3247,659,2025-10-18,276.33,Headphones
3248,659,2025-06-23,930.72,Webcam
3249,660,2025-11-23,16.36,Tablet
3250,660,2025-12-27,818.23,Laptop
3251,660,2025-12-29,105.9,Webcam
3252,660,2025-12-04,529.71,Monitor
3253,661,2025-02-07,178.93,Mouse
3254,661,2025-12-07,194.54,Tablet
3255,661,2025-05-30,206.04,Tablet
3256,661,2025-06-12,507.59,Phone
3257,661,2025-08-28,456.15,Headphones
3258,661,2025-11-13,193.78,Laptop
3259,662,2025-10-24,811.09,Headphones
3260,662,2025-06-08,266.76,Webcam
3261,663,2025-09-25,630.57,Phone
3262,663,2025-02-13,869.68,Tablet
3263,663,2025-12-28,89.01,Phone
3264,663,2025-04-05,383.95,Monitor
3265,663,2026-01-01,73.62,Laptop
3266,663,2025-10-25,589.79,Speaker
3267,663,2025-04-20,490.34,Phone
3268,666,2025-05-22,754.28,Laptop
3269,666,2025-02-06,668.67,Laptop
3270,666,2025-06-24,105.87,Charger
3271,666,2025-08-07,793.87,Webcam
3272,667,2025-06-26,524.87,Monitor
3273,667,2025-02-26,932.81,Speaker
3274,667,2025-09-04,759.34,Webcam
3275,667,2025-07-14,343.18,Mouse
3276,667,2025-10-24,999.45,Headphones
3277,667,2025-09-10,941.58,Webcam
3278,667,2025-03-11,384.65,Laptop
3279,667,2025-04-05,975.55,Mouse
3280,667,2025-07-28,808.21,Laptop
3281,668,2025-04-24,871.84,Webcam
3282,668,2025-10-19,727.97,Tablet
3283,668,2025-02-01,35.42,Phone
3284,668,2025-04-16,870.32,Monitor
3285,668,2025-12-12,951.55,Headphones
3286,668,2025-01-19,374.75,Speaker
3287,668,2025-07-30,519.76,Headphones
3288,670,2025-06-30,957.97,Mouse
3289,670,2025-03-30,26.46,Mouse
3290,670,2025-05-07,874.7,Mouse
3291,670,2025-07-11,681.15,Headphones
3292,670,2025-09-19,610.7,Webcam
3293,670,2025-08-07,741.81,Phone
3294,670,2025-12-11,354.85,Speaker
3295,670,2025-03-08,987.0,Phone
3296,670,2025-02-03,736.93,Monitor
3297,670,2025-04-13,611.1,Tablet
3298,671,2025-06-03,877.47,Charger
3299,671,2025-10-09,41.43,Speaker
3300,671,2025-02-06,798.85,Monitor
3301,671,2025-09-19,834.03,Charger
3302,671,2025-07-02,987.35,Speaker
3303,671,2025-09-28,176.37,Speaker
3304,671,2025-08-27,955.5,Speaker
3305,671,2025-02-04,666.02,Headphones
3306,672,2025-06-01,219.52,Phone
3307,672,2025-08-12,114.41,Laptop
3308,672,2025-10-03,168.63,Mouse
3309,673,2025-11-08,768.65,Headphones
3310,673,2025-05-02,721.98,Speaker
3311,673,2025-03-25,951.99,Phone
3312,673,2025-01-23,668.82,Charger
3313,673,2026-01-17,637.21,Speaker
3314,673,2026-01-16,99.54,Mouse
3315,674,2025-08-19,932.46,Phone
3316,674,2025-03-19,647.55,Webcam
3317,674,2025-10-21,911.07,Webcam
3318,675,2025-10-03,645.68,Charger
3319,675,2025-09-03,966.59,Webcam
3320,675,2025-09-04,810.36,Headphones
3321,675,2025-10-25,266.5,Monitor
3322,675,2025-08-15,96.8,Phone
3323,675,2025-06-04,346.84,Headphones
3324,675,2025-10-30,747.17,Phone
3325,675,2025-05-06,577.11,Tablet
3326,675,2025-08-08,854.8,Webcam
3327,675,2025-08-27,581.15,Laptop
3328,676,2025-08-25,71.27,Charger
3329,676,2025-10-12,197.96,Webcam
3330,676,2025-09-23,980.05,Mouse
3331,676,2026-01-12,773.57,Tablet
3332,677,2025-07-03,667.11,Headphones
3333,677,2025-12-09,115.52,Laptop
3334,677,2025-05-06,542.91,Speaker
3335,677,2025-08-01,322.77,Monitor
3336,677,2025-06-01,838.84,Speaker
3337,677,2025-06-07,683.18,Tablet
3338,677,2026-01-01,605.45,Tablet
3339,677,2025-04-18,749.59,Laptop
3340,678,2025-05-18,326.94,Charger
3341,678,2025-02-24,990.43,Phone
3342,678,2025-01-25,280.72,Speaker
3343,678,2025-07-20,634.77,Headphones
3344,678,2025-05-11,500.08,Webcam
3345,678,2025-09-01,68.22,Mouse
3346,678,2026-01-09,161.18,Headphones
3347,678,2025-03-30,849.59,Headphones
3348,678,2025-03-23,703.4,Laptop
3349,679,2025-03-28,858.21,Webcam
3350,679,2025-03-26,306.11,Tablet
3351,681,2025-10-30,398.36,Webcam
3352,681,2025-11-13,681.12,Mouse
3353,681,2025-05-05,760.14,Webcam
3354,681,2025-03-10,81.1,Monitor
3355,681,2026-01-07,289.54,Headphones
3356,681,2025-06-14,704.1,Charger
3357,681,2025-08-10,399.83,Tablet
3358,681,2025-12-27,330.18,Laptop
3359,682,2025-06-16,462.96,Tablet
3360,682,2025-10-01,581.39,Speaker
3361,682,2026-01-15,699.0,Monitor
3362,682,2025-07-10,898.25,Headphones
3363,683,2025-06-12,806.31,Headphones
3364,683,2025-03-02,737.97,Laptop
3365,683,2025-10-24,368.6,Phone
3366,684,2026-01-08,787.64,Tablet
3367,684,2025-01-29,382.79,Webcam
3368,684,2025-06-28,682.65,Tablet
3369,684,2025-10-19,926.73,Phone
3370,684,2025-05-11,362.03,Speaker
3371,684,2025-12-29,187.84,Laptop
3372,684,2025-10-10,126.17,Charger
3373,684,2025-07-27,653.6,Webcam
3374,684,2025-04-08,970.03,Webcam
3375,684,2025-09-20,252.55,Phone
3376,685,2025-08-26,402.68,Monitor
3377,685,2025-05-30,691.1,Tablet
3378,685,2025-04-17,656.27,Webcam
3379,686,2025-12-31,661.93,Speaker
3380,686,2025-03-09,866.25,Webcam
3381,686,2025-12-12,282.46,Speaker
3382,686,2025-10-22,373.65,Phone
3383,686,2025-11-19,125.46,Phone
3384,686,2026-01-12,494.33,Charger
3385,686,2025-11-17,232.69,Speaker
3386,686,2025-12-12,280.99,Phone
3387,686,2026-01-04,796.4,Tablet
3388,686,2025-12-08,390.12,Webcam
3389,687,2025-03-02,575.71,Phone
3390,687,2025-03-11,331.98,Charger
3391,687,2025-09-29,193.04,Laptop
3392,687,2025-08-29,399.86,Charger
3393,688,2025-05-22,493.68,Charger
3394,688,2025-08-07,838.77,Charger
3395,688,2025-11-24,716.61,Phone
3396,688,2025-03-12,755.97,Headphones
3397,688,2025-08-22,966.02,Phone
3398,688,2025-05-29,188.86,Tablet
3399,688,2025-09-22,15.27,Speaker
3400,688,2025-06-25,802.51,Phone
3401,690,2025-04-25,579.33,Tablet
3402,690,2025-10-31,96.94,Monitor
3403,692,2025-06-06,980.13,Charger
3404,693,2025-06-05,369.92,Charger
3405,693,2025-06-15,179.89,Laptop
3406,693,2025-02-13,255.85,Laptop
3407,693,2025-11-17,946.75,Charger
3408,694,2025-01-23,662.57,Speaker
3409,694,2025-07-13,148.46,Speaker
3410,694,2025-06-22,698.15,Charger
3411,694,2025-09-20,911.68,Mouse
3412,695,2025-09-25,542.83,Headphones
3413,695,2025-03-12,691.05,Laptop
3414,695,2025-03-28,244.73,Headphones
3415,695,2025-07-30,150.25,Headphones
3416,695,2025-08-15,957.85,Charger
3417,695,2026-01-11,223.88,Mouse
3418,695,2025-10-19,284.62,Webcam
3419,695,2025-04-20,83.62,Monitor
3420,695,2025-03-29,268.07,Tablet
3421,696,2025-04-25,461.51,Monitor
3422,696,2025-08-04,679.76,Tablet
3423,696,2025-04-16,540.55,Phone
3424,696,2025-11-05,633.27,Monitor
3425,696,2025-05-11,995.41,Headphones
3426,696,2025-07-23,717.3,Charger
3427,697,2025-09-04,172.4,Tablet
3428,697,2025-02-01,323.2,Webcam
3429,697,2025-01-28,385.15,Headphones
3430,697,2026-01-04,86.75,Phone
3431,697,2025-07-12,536.16,Charger
3432,697,2025-04-09,412.71,Mouse
3433,697,2025-01-20,643.78,Mouse
3434,697,2025-11-25,910.15,Monitor
3435,697,2025-06-25,154.87,Headphones
3436,698,2025-06-09,19.76,Webcam
3437,698,2025-12-07,979.69,Headphones
3438,698,2025-02-09,384.85,Phone
3439,698,2025-02-07,784.91,Phone
3440,699,2025-11-19,531.21,Monitor
3441,699,2025-10-24,592.94,Speaker
3442,700,2025-07-21,533.67,Monitor
3443,701,2025-02-14,278.34,Phone
3444,701,2025-09-19,897.6,Tablet
3445,701,2025-11-12,324.82,Webcam
3446,701,2025-05-20,188.87,Charger
3447,701,2026-01-07,556.15,Webcam
3448,701,2025-11-26,482.09,Tablet
3449,701,2025-02-04,266.47,Charger
3450,701,2025-02-11,716.09,Tablet
3451,702,2025-07-30,385.01,Monitor
3452,702,2025-08-30,62.34,Mouse
3453,703,2025-04-30,681.43,Webcam
3454,703,2025-05-05,709.72,Tablet
3455,703,2025-08-27,444.57,Mouse
3456,704,2025-11-27,507.21,Monitor
3457,704,2025-05-15,953.09,Charger
3458,704,2025-07-02,942.26,Headphones
3459,704,2025-10-28,312.14,Phone
3460,704,2025-11-29,947.98,Webcam
3461,704,2025-07-27,772.87,Phone
3462,704,2025-12-03,638.33,Phone
3463,705,2025-12-31,945.42,Tablet
3464,705,2025-09-09,579.56,Phone
3465,705,2025-09-04,745.98,Charger
3466,706,2025-02-05,810.26,Laptop
3467,706,2025-06-01,962.54,Webcam
3468,706,2025-09-08,680.26,Tablet
3469,706,2025-04-26,484.86,Charger
3470,706,2025-12-11,688.27,Charger
3471,706,2025-06-28,700.9,Webcam
3472,706,2025-08-25,23.76,Headphones
3473,708,2025-06-10,705.57,Mouse
3474,708,2025-02-08,251.78,Charger
3475,708,2025-12-29,687.24,Laptop
3476,708,2025-12-08,611.3,Tablet
3477,708,2025-10-10,677.78,Charger
3478,708,2025-10-24,904.76,Tablet
3479,709,2025-06-17,373.38,Tablet
3480,710,2025-03-06,359.76,Laptop
3481,710,2025-03-09,428.5,Webcam
3482,710,2025-01-25,178.78,Phone
3483,710,2025-11-06,344.58,Headphones
3484,710,2025-10-17,833.41,Phone
3485,710,2025-07-17,297.16,Speaker
3486,710,2025-09-03,300.61,Headphones
3487,710,2025-07-10,12.21,Webcam
3488,711,2025-06-07,923.83,Charger
3489,711,2025-02-04,827.47,Laptop
3490,711,2025-03-17,936.06,Speaker
3491,713,2025-09-30,15.83,Speaker
3492,713,2025-08-26,335.27,Mouse
3493,713,2025-10-26,116.09,Mouse
3494,713,2025-04-24,891.29,Tablet
3495,713,2025-06-12,408.05,Laptop
3496,714,2025-07-28,436.5,Headphones
3497,715,2025-08-01,533.81,Tablet
3498,716,2025-02-11,132.6,Speaker
3499,716,2025-03-30,16.84,Monitor
3500,716,2025-04-02,233.83,Webcam
3501,716,2025-04-12,380.57,Mouse
3502,716,2025-12-27,434.06,Tablet
3503,716,2026-01-02,541.06,Monitor
3504,717,2025-05-12,989.48,Speaker
3505,718,2025-10-06,148.48,Webcam
3506,718,2025-03-21,15.75,Headphones
3507,719,2025-05-24,197.67,Laptop
3508,720,2026-01-04,400.6,Mouse
3509,720,2025-02-26,901.99,Tablet
3510,721,2025-08-05,207.0,Speaker
3511,721,2025-02-15,960.1,Monitor
3512,721,2025-01-21,127.6,Speaker
3513,721,2025-11-24,554.62,Tablet
3514,721,2025-12-13,331.64,Webcam
3515,721,2025-03-19,506.84,Webcam
3516,721,2025-02-24,140.1,Phone
3517,721,2025-08-26,794.79,Tablet
3518,721,2025-01-18,163.99,Charger
3519,721,2025-02-28,23.51,Headphones
3520,723,2025-10-19,831.54,Webcam
3521,723,2025-04-15,976.67,Laptop
3522,723,2025-07-24,439.99,Monitor
3523,723,2025-09-20,289.4,Phone
3524,723,2025-03-07,763.29,Headphones
3525,723,2025-07-18,621.44,Charger
3526,723,2025-08-15,194.99,Monitor
3527,723,2025-05-24,769.06,Monitor
3528,723,2025-03-03,994.31,Headphones
3529,723,2025-04-07,669.67,Webcam
3530,724,2025-02-14,479.15,Phone
3531,724,2025-09-19,704.13,Charger
3532,724,2025-05-06,614.99,Headphones
3533,725,2025-04-24,632.62,Tablet
3534,725,2025-02-05,237.09,Tablet
3535,725,2026-01-04,407.27,Monitor
3536,725,2025-11-30,990.49,Tablet
3537,725,2025-05-16,432.04,Headphones
3538,725,2025-03-10,100.03,Laptop
3539,725,2025-06-11,386.55,Charger
3540,725,2025-07-23,313.38,Headphones
3541,725,2026-01-09,229.56,Webcam
3542,726,2025-02-21,70.74,Webcam
3543,726,2025-04-28,647.43,Monitor
3544,726,2026-01-17,118.95,Mouse
3545,726,2025-04-14,287.75,Mouse
3546,726,2025-04-02,714.47,Headphones
3547,726,2025-04-19,326.64,Laptop
3548,726,2025-02-24,189.93,Laptop
3549,728,2025-07-09,747.31,Headphones
3550,728,2025-02-26,292.46,Monitor
3551,728,2025-03-10,909.4,Phone
3552,728,2025-07-06,436.6,Monitor
3553,728,2025-11-03,948.84,Mouse
3554,728,2025-09-19,340.94,Phone
3555,728,2025-03-21,105.92,Laptop
3556,728,2025-03-27,686.13,Tablet
3557,728,2025-01-23,337.9,Mouse
3558,728,2025-03-18,745.5,Charger
3559,729,2025-02-20,377.88,Monitor
3560,729,2025-07-16,217.93,Webcam
3561,729,2025-11-14,96.36,Phone
3562,729,2025-08-02,139.18,Phone
3563,729,2025-03-25,50.63,Headphones
3564,729,2025-09-04,201.0,Speaker
3565,729,2025-04-23,926.25,Phone
3566,729,2025-12-24,942.4,Mouse
3567,729,2025-06-20,308.46,Speaker
3568,730,2025-08-15,538.22,Tablet
3569,730,2025-05-22,53.37,Headphones
3570,730,2025-11-17,424.03,Monitor
3571,731,2025-11-01,975.37,Mouse
3572,731,2025-09-26,454.0,Phone
3573,731,2025-06-27,911.74,Phone
3574,731,2025-10-22,487.99,Charger
3575,731,2025-12-01,932.02,Charger
3576,731,2025-04-12,792.98,Tablet
3577,731,2025-11-15,603.16,Tablet
3578,731,2025-04-16,296.76,Laptop
3579,732,2025-03-01,743.31,Webcam
3580,732,2025-07-25,500.08,Charger
3581,732,2025-08-04,871.55,Phone
3582,733,2026-01-17,443.37,Charger
3583,733,2025-06-16,390.31,Webcam
3584,734,2025-05-21,611.15,Headphones
3585,734,2025-08-15,192.23,Tablet
3586,734,2025-07-01,576.18,Laptop
3587,734,2025-10-15,880.36,Charger
3588,734,2025-07-17,460.89,Charger
3589,734,2025-10-02,266.25,Headphones
3590,735,2025-08-05,711.17,Charger
3591,735,2025-09-08,127.91,Headphones
3592,735,2025-06-14,55.16,Headphones
3593,735,2025-12-23,298.92,Tablet
3594,736,2025-03-02,927.98,Monitor
3595,736,2025-07-12,874.65,Laptop
3596,736,2025-02-09,645.99,Headphones
3597,736,2025-11-29,989.64,Headphones
3598,737,2025-07-18,125.02,Mouse
3599,737,2025-12-13,636.36,Mouse
3600,737,2025-07-26,331.32,Charger
3601,737,2025-11-09,271.4,Tablet
3602,737,2025-11-28,414.26,Monitor
3603,737,2025-01-23,331.39,Laptop
3604,737,2025-10-24,629.7,Laptop
3605,737,2025-06-04,825.69,Headphones
3606,738,2025-03-11,184.97,Laptop
3607,738,2025-09-16,542.01,Phone
3608,738,2025-03-21,725.38,Webcam
3609,738,2025-04-09,946.2,Monitor
3610,739,2025-05-25,637.96,Charger
3611,739,2025-09-21,214.1,Speaker
3612,739,2025-02-18,228.43,Monitor
3613,739,2025-06-10,211.88,Webcam
3614,739,2025-12-03,164.09,Headphones
3615,739,2025-05-31,732.51,Webcam
3616,739,2025-10-29,374.95,Speaker
3617,739,2025-08-03,102.75,Tablet
3618,739,2025-06-30,464.8,Tablet
3619,739,2025-02-25,196.97,Speaker
3620,740,2025-04-24,651.09,Laptop
3621,740,2025-08-14,317.06,Tablet
3622,741,2025-10-13,690.49,Headphones
3623,741,2025-07-28,78.76,Phone
3624,741,2025-10-26,432.13,Speaker
3625,741,2025-03-22,910.04,Webcam
3626,741,2026-01-12,109.23,Charger
3627,741,2025-03-09,145.92,Laptop
3628,742,2025-08-13,108.73,Webcam
3629,742,2026-01-07,30.51,Laptop
3630,742,2025-10-21,765.81,Laptop
3631,742,2026-01-02,140.86,Phone
3632,742,2025-08-10,274.98,Laptop
3633,742,2025-08-01,794.48,Laptop
3634,742,2025-09-24,958.04,Phone
3635,742,2025-04-14,546.95,Mouse
3636,742,2025-09-03,854.19,Phone
3637,743,2025-08-04,147.84,Speaker
3638,743,2025-10-31,817.31,Monitor
3639,743,2025-12-01,338.44,Tablet
3640,744,2026-01-01,65.32,Monitor
3641,744,2025-03-05,631.21,Phone
3642,744,2025-12-20,31.0,Laptop
3643,745,2025-11-25,549.2,Phone
3644,746,2025-11-06,887.59,Webcam
3645,746,2026-01-01,150.42,Headphones
3646,746,2025-09-28,33.76,Webcam
3647,746,2025-04-12,391.53,Mouse
3648,746,2025-11-22,658.81,Headphones
3649,746,2025-06-25,922.47,Webcam
3650,746,2025-10-08,689.9,Phone
3651,746,2025-10-07,496.9,Phone
3652,747,2025-04-19,110.72,Monitor
3653,747,2026-01-07,363.73,Mouse
3654,747,2025-09-12,127.17,Phone
3655,749,2025-05-07,159.59,Webcam
3656,749,2025-08-27,535.18,Tablet
3657,749,2025-11-23,682.64,Tablet
3658,749,2025-08-29,894.19,Monitor
3659,749,2025-08-08,628.51,Monitor
3660,749,2025-02-11,354.9,Phone
3661,749,2025-02-17,278.38,Speaker
3662,749,2025-05-24,665.11,Monitor
3663,749,2025-09-04,812.61,Phone
3664,751,2025-07-22,780.01,Tablet
3665,751,2026-01-05,327.05,Webcam
3666,752,2025-10-19,724.13,Speaker
3667,752,2025-01-31,816.5,Phone
3668,752,2025-09-14,582.06,Monitor
3669,752,2025-02-20,153.22,Mouse
3670,752,2025-12-22,994.82,Tablet
3671,752,2025-04-14,769.86,Mouse
3672,752,2025-08-05,326.12,Webcam
3673,753,2025-06-30,696.49,Webcam
3674,753,2025-07-11,605.73,Mouse
3675,753,2025-08-03,146.84,Headphones
3676,753,2026-01-08,389.35,Charger
3677,753,2025-03-27,502.13,Charger
3678,753,2025-12-25,497.68,Charger
3679,753,2025-07-02,823.19,Webcam
3680,754,2025-06-06,585.15,Webcam
3681,755,2025-02-15,582.1,Headphones
3682,755,2025-08-30,706.06,Headphones
3683,755,2025-10-08,368.09,Headphones
3684,755,2025-09-17,993.97,Laptop
3685,755,2025-07-05,368.77,Speaker
3686,755,2025-08-29,958.04,Phone
3687,755,2025-07-17,68.98,Mouse
3688,755,2025-08-04,367.25,Tablet
3689,756,2025-11-27,465.78,Charger
3690,756,2025-08-16,972.1,Webcam
3691,756,2025-06-26,250.07,Headphones
3692,756,2025-07-18,65.31,Tablet
3693,757,2025-11-23,962.43,Tablet
3694,758,2025-11-20,735.75,Webcam
3695,758,2025-03-06,377.97,Phone
3696,758,2025-07-25,666.12,Phone
3697,758,2025-03-30,482.06,Tablet
3698,758,2026-01-16,39.88,Mouse
3699,758,2025-01-31,149.86,Headphones
3700,759,2025-09-10,22.35,Webcam
3701,760,2025-05-14,767.76,Speaker
3702,760,2025-07-28,746.12,Charger
3703,761,2025-06-12,475.48,Mouse
3704,761,2025-03-27,449.53,Laptop
3705,761,2025-09-03,293.9,Tablet
3706,761,2025-04-14,69.4,Laptop
3707,762,2025-02-05,753.62,Charger
3708,762,2025-04-26,168.75,Webcam
3709,762,2025-01-28,834.35,Speaker
3710,762,2025-12-11,558.61,Monitor
3711,762,2025-05-29,919.96,Charger
3712,762,2026-01-16,312.97,Headphones
3713,762,2025-06-06,429.43,Tablet
3714,762,2025-09-01,279.11,Phone
3715,762,2025-09-25,526.29,Tablet
3716,763,2025-08-14,406.4,Laptop
3717,763,2025-01-29,226.72,Tablet
3718,763,2025-03-04,824.28,Charger
3719,764,2025-04-30,843.3,Speaker
3720,764,2025-08-04,482.64,Webcam
3721,764,2025-10-29,828.98,Tablet
3722,764,2025-05-23,64.12,Mouse
3723,764,2025-06-04,650.18,Headphones
3724,764,2025-04-19,277.22,Phone
3725,764,2025-12-25,87.03,Mouse
3726,764,2025-06-10,37.77,Monitor
3727,764,2025-08-23,171.13,Phone
3728,765,2025-03-30,219.79,Laptop
3729,766,2025-05-27,195.87,Headphones
3730,766,2025-11-12,642.01,Laptop
3731,766,2025-05-05,247.93,Phone
3732,766,2025-09-08,976.9,Laptop
3733,767,2025-09-07,986.63,Speaker
3734,767,2025-03-07,55.22,Mouse
3735,767,2025-07-31,102.28,Monitor
3736,767,2025-08-16,18.39,Mouse
3737,767,2025-04-26,754.16,Webcam
3738,767,2025-06-10,505.21,Mouse
3739,767,2025-12-01,754.32,Mouse
3740,767,2025-12-01,974.11,Phone
3741,767,2025-03-30,338.01,Charger
3742,768,2026-01-04,507.16,Tablet
3743,770,2025-12-22,798.11,Speaker
3744,770,2025-12-26,590.49,Laptop
3745,770,2025-05-22,297.22,Tablet
3746,770,2025-03-19,685.55,Phone
3747,770,2025-02-16,886.35,Phone
3748,770,2025-09-24,953.29,Headphones
3749,770,2025-05-18,885.56,Tablet
3750,770,2025-08-01,771.14,Tablet
3751,770,2025-05-21,993.48,Charger
3752,771,2026-01-15,992.36,Charger
3753,771,2025-07-13,930.92,Mouse
3754,771,2025-12-18,453.01,Tablet
3755,771,2025-05-23,345.63,Mouse
3756,771,2025-03-20,627.24,Webcam
3757,771,2025-08-16,49.61,Webcam
3758,771,2025-06-14,246.72,Phone
3759,771,2025-08-21,958.44,Speaker
3760,772,2025-12-01,806.68,Tablet
3761,773,2025-04-09,551.66,Phone
3762,773,2025-07-30,503.92,Speaker
3763,773,2025-10-31,320.58,Monitor
3764,773,2025-06-02,169.86,Monitor
3765,774,2025-04-09,369.69,Phone
3766,774,2026-01-15,80.42,Speaker
3767,774,2025-07-21,265.36,Speaker
3768,774,2025-08-10,978.7,Speaker
3769,774,2025-06-10,653.79,Tablet
3770,774,2025-05-31,940.43,Speaker
3771,774,2026-01-01,49.2,Monitor
3772,774,2025-07-16,406.93,Tablet
3773,774,2025-04-24,446.42,Charger
3774,775,2025-06-08,952.52,Mouse
3775,775,2025-11-25,92.66,Webcam
3776,775,2025-05-16,510.88,Monitor
3777,775,2025-08-29,878.63,Laptop
3778,775,2025-10-21,624.41,Laptop
3779,775,2025-10-27,743.63,Headphones
3780,775,2025-05-03,702.75,Charger
3781,775,2025-04-23,17.86,Phone
3782,775,2025-01-20,297.75,Tablet
3783,776,2025-05-10,405.29,Phone
3784,776,2025-09-03,230.82,Speaker
3785,776,2025-12-05,672.46,Mouse
3786,776,2025-12-11,471.22,Charger
3787,776,2025-11-15,901.13,Speaker
3788,776,2025-02-14,118.03,Tablet
3789,776,2025-11-18,734.46,Webcam
3790,776,2025-12-18,770.53,Headphones
3791,776,2025-08-25,407.51,Phone
3792,777,2025-03-19,349.0,Speaker
3793,777,2025-03-31,220.51,Speaker
3794,777,2025-11-18,123.18,Speaker
3795,777,2025-05-20,47.9,Tablet
3796,777,2025-04-14,949.05,Tablet
3797,778,2025-11-04,221.34,Laptop
3798,778,2025-02-18,987.93,Webcam
3799,778,2025-05-31,71.78,Mouse
3800,778,2025-06-11,791.66,Speaker
3801,778,2025-02-19,221.29,Headphones
3802,778,2025-05-05,869.34,Webcam
3803,778,2025-02-26,277.15,Tablet
3804,778,2025-11-16,92.76,Phone
3805,778,2025-04-02,281.17,Phone
3806,778,2025-04-07,305.35,Speaker
3807,779,2025-03-22,529.53,Monitor
3808,779,2025-09-01,192.24,Laptop
3809,779,2025-04-06,101.52,Webcam
3810,779,2025-06-20,348.6,Monitor
3811,779,2025-10-11,172.89,Mouse
3812,779,2025-12-31,942.52,Speaker
3813,780,2025-02-22,540.15,Tablet
3814,780,2025-11-06,965.93,Webcam
3815,780,2025-06-30,361.15,Webcam
3816,780,2025-05-14,824.79,Charger
3817,780,2025-01-23,785.24,Headphones
3818,780,2025-09-02,87.03,Tablet
3819,780,2026-01-01,330.5,Mouse
3820,782,2025-03-13,897.54,Tablet
3821,782,2025-11-30,504.45,Mouse
3822,783,2025-11-07,794.1,Webcam
3823,784,2025-05-01,525.48,Laptop
3824,784,2025-10-26,988.36,Tablet
3825,784,2025-02-18,637.95,Phone
3826,784,2025-10-29,46.12,Headphones
3827,785,2025-03-23,699.48,Tablet
3828,785,2025-06-07,604.93,Headphones
3829,785,2025-07-30,354.6,Headphones
3830,785,2026-01-18,972.03,Laptop
3831,785,2025-09-29,376.55,Mouse
3832,785,2025-07-28,26.03,Monitor
3833,786,2025-08-11,820.86,Phone
3834,786,2025-08-27,702.32,Speaker
3835,786,2025-11-19,419.91,Mouse
3836,786,2025-10-22,358.69,Charger
3837,786,2025-01-20,431.59,Mouse
3838,786,2025-05-30,122.25,Tablet
3839,786,2025-04-14,464.24,Mouse
3840,786,2025-07-25,185.13,Tablet
3841,787,2025-08-10,441.52,Monitor
3842,787,2025-10-25,846.64,Webcam
3843,787,2025-06-14,637.77,Phone
3844,787,2025-12-09,995.41,Phone
3845,787,2025-12-26,98.74,Laptop
3846,787,2025-08-10,620.1,Webcam
3847,787,2025-12-18,112.64,Charger
3848,787,2025-10-28,108.71,Speaker
3849,788,2025-06-19,585.42,Laptop
3850,788,2026-01-02,671.03,Webcam
3851,788,2025-11-30,219.75,Speaker
3852,788,2025-08-19,556.07,Phone
3853,788,2025-06-19,203.6,Speaker
3854,788,2025-10-21,951.05,Mouse
3855,788,2025-08-03,967.94,Speaker
3856,788,2025-04-30,418.81,Webcam
3857,790,2025-11-29,784.37,Charger
3858,790,2025-03-09,290.77,Monitor
3859,790,2025-10-03,314.32,Webcam
3860,790,2025-07-23,676.57,Laptop
3861,790,2026-01-12,901.19,Webcam
3862,794,2025-12-10,792.61,Charger
3863,794,2025-04-30,821.83,Mouse
3864,795,2025-09-06,178.71,Webcam
3865,795,2025-10-13,249.41,Webcam
3866,795,2025-06-21,200.73,Webcam
3867,795,2025-05-31,830.26,Webcam
3868,795,2025-12-01,137.58,Webcam
3869,796,2025-11-02,409.09,Mouse
3870,796,2025-11-22,522.1,Webcam
3871,797,2025-05-03,108.58,Tablet
3872,797,2025-07-20,509.21,Webcam
3873,797,2025-05-09,844.6,Monitor
3874,798,2025-08-30,167.46,Mouse
3875,798,2025-03-02,211.72,Phone
3876,798,2025-02-17,35.38,Laptop
3877,798,2025-09-28,632.61,Tablet
3878,798,2026-01-13,37.54,Charger
3879,798,2025-01-27,921.39,Phone
3880,798,2025-12-25,576.08,Laptop
3881,798,2025-01-20,744.92,Tablet
3882,799,2025-02-01,638.12,Mouse
3883,799,2025-03-16,194.69,Headphones
3884,799,2025-05-10,303.95,Charger
3885,799,2025-09-08,842.05,Webcam
3886,799,2025-08-20,772.69,Laptop
3887,799,2025-12-05,282.22,Tablet
3888,799,2025-02-13,631.16,Phone
3889,800,2025-04-14,464.54,Phone
3890,801,2025-09-10,150.42,Monitor
3891,802,2025-11-16,101.85,Speaker
3892,802,2026-01-15,846.18,Headphones
3893,803,2025-03-01,109.67,Laptop
3894,803,2025-05-17,419.61,Speaker
3895,803,2025-05-14,959.63,Phone
3896,803,2025-04-04,218.19,Webcam
3897,803,2025-05-16,381.5,Mouse
3898,803,2025-07-12,637.22,Speaker
3899,804,2025-07-27,188.01,Laptop
3900,804,2025-09-06,904.6,Laptop
3901,805,2025-06-22,976.16,Mouse
3902,806,2025-10-15,994.97,Charger
3903,806,2025-09-24,14.96,Charger
3904,806,2025-05-01,744.28,Phone
3905,806,2025-05-02,200.92,Laptop
3906,806,2025-07-27,540.59,Charger
3907,806,2025-08-31,516.63,Tablet
3908,806,2025-06-08,224.14,Mouse
3909,807,2025-09-01,899.59,Laptop
3910,808,2025-10-07,147.18,Phone
3911,808,2025-03-11,730.47,Tablet
3912,808,2026-01-05,274.91,Speaker
3913,808,2025-09-27,207.25,Phone
3914,808,2025-12-26,355.07,Charger
3915,809,2025-06-21,301.38,Speaker
3916,809,2025-12-12,441.7,Webcam
3917,809,2025-11-02,923.12,Monitor
3918,809,2025-10-08,181.23,Monitor
3919,809,2025-05-05,962.25,Phone
3920,809,2025-06-18,587.81,Monitor
3921,809,2025-10-18,174.0,Headphones
3922,809,2025-03-06,954.22,Speaker
3923,809,2025-11-23,439.14,Speaker
3924,809,2026-01-13,429.5,Monitor
3925,810,2025-10-02,626.68,Webcam
3926,810,2025-12-20,435.02,Mouse
3927,810,2025-05-03,380.22,Phone
3928,810,2025-12-31,454.91,Laptop
3929,810,2025-02-12,958.52,Monitor
3930,811,2025-04-07,415.71,Charger
3931,811,2025-11-11,358.73,Laptop
3932,811,2025-10-03,123.5,Mouse
3933,811,2025-11-09,435.09,Tablet
3934,811,2025-02-25,364.17,Phone
3935,811,2025-03-07,223.03,Mouse
3936,811,2025-11-20,378.24,Mouse
3937,811,2025-03-05,131.08,Mouse
3938,811,2025-08-28,691.41,Mouse
3939,812,2025-12-05,470.72,Mouse
3940,812,2025-09-11,899.76,Charger
3941,812,2025-09-04,75.57,Monitor
3942,813,2025-09-03,220.05,Headphones
3943,813,2025-02-08,111.89,Monitor
3944,813,2025-10-15,719.1,Phone
3945,813,2025-12-08,578.21,Webcam
3946,813,2025-07-27,685.31,Webcam
3947,813,2025-06-19,324.61,Mouse
3948,813,2025-07-16,206.17,Laptop
3949,813,2025-04-02,804.7,Speaker
3950,813,2025-08-08,56.32,Monitor
3951,814,2025-05-24,128.07,Speaker
3952,814,2025-07-31,179.43,Mouse
3953,814,2025-10-25,595.26,Headphones
3954,814,2025-06-14,580.65,Monitor
3955,814,2025-10-03,27.66,Laptop
3956,814,2025-09-18,912.53,Monitor
3957,815,2025-03-23,843.23,Webcam
3958,815,2025-03-25,46.64,Charger
3959,816,2025-05-26,48.73,Laptop
3960,816,2025-07-06,78.76,Phone
3961,816,2025-04-23,831.55,Webcam
3962,816,2026-01-09,726.02,Monitor
3963,816,2025-08-11,324.02,Mouse
3964,816,2025-04-25,406.34,Charger
3965,816,2025-03-08,776.87,Speaker
3966,816,2025-03-15,616.2,Webcam
3967,817,2025-08-15,699.49,Speaker
3968,817,2025-01-29,498.4,Phone
3969,817,2025-03-11,844.64,Phone
3970,817,2025-02-20,39.0,Laptop
3971,819,2025-11-12,114.08,Mouse
3972,819,2025-11-26,862.77,Webcam
3973,820,2025-10-16,178.49,Headphones
3974,820,2025-06-06,726.87,Mouse
3975,820,2025-09-15,817.99,Charger
3976,823,2025-04-16,884.49,Laptop
3977,823,2025-02-24,119.7,Monitor
3978,823,2025-02-06,84.29,Mouse
3979,823,2025-12-02,691.04,Webcam
3980,824,2025-10-07,701.68,Tablet
3981,824,2026-01-04,587.62,Phone
3982,824,2025-09-11,135.03,Tablet
3983,824,2025-03-23,755.5,Webcam
3984,825,2025-07-04,452.31,Phone
3985,825,2025-04-06,526.55,Headphones
3986,825,2025-06-29,582.11,Speaker
3987,825,2025-10-07,976.59,Mouse
3988,825,2025-04-07,774.92,Speaker
3989,825,2025-08-12,233.57,Monitor
3990,825,2025-08-19,768.54,Phone
3991,825,2025-03-27,359.48,Headphones
3992,825,2025-11-20,662.89,Headphones
3993,825,2025-01-28,698.02,Phone
3994,826,2025-03-25,69.66,Laptop
3995,826,2025-03-15,673.79,Speaker
3996,826,2026-01-02,820.33,Headphones
3997,826,2025-12-16,492.77,Mouse
3998,826,2025-04-06,216.57,Charger
3999,826,2025-06-17,518.79,Mouse
4000,826,2025-03-21,762.88,Monitor
4001,827,2025-02-23,658.74,Charger
4002,827,2025-06-23,114.6,Tablet
4003,827,2025-05-17,226.6,Mouse
4004,827,2025-11-26,391.72,Speaker
4005,827,2025-02-14,869.18,Charger
4006,827,2025-05-08,210.99,Webcam
4007,827,2025-08-08,196.07,Monitor
4008,828,2025-03-11,172.55,Monitor
4009,828,2025-12-12,951.98,Phone
4010,828,2025-05-16,155.82,Phone
4011,828,2025-05-31,747.58,Headphones
4012,828,2026-01-05,26.42,Speaker
4013,828,2025-11-02,195.16,Laptop
4014,829,2025-11-27,665.27,Speaker
4015,829,2025-08-03,358.44,Phone
4016,829,2025-05-15,927.66,Phone
4017,829,2025-12-27,360.88,Headphones
4018,829,2025-04-25,159.11,Charger
4019,829,2025-03-03,436.54,Mouse
4020,829,2025-10-10,62.63,Monitor
4021,830,2025-07-06,106.83,Webcam
4022,830,2025-10-17,734.68,Webcam
4023,830,2025-07-17,201.99,Headphones
4024,830,2025-03-18,408.67,Monitor
4025,830,2025-06-10,534.27,Speaker
4026,831,2025-04-18,439.23,Laptop
4027,831,2025-01-25,649.88,Phone
4028,831,2025-05-19,227.38,Laptop
4029,831,2025-11-30,896.11,Monitor
4030,831,2025-08-17,246.38,Charger
4031,831,2026-01-01,110.02,Headphones
4032,831,2025-07-19,883.77,Webcam
4033,831,2025-10-06,397.99,Phone
4034,832,2025-03-01,736.59,Monitor
4035,832,2025-12-10,500.22,Tablet
4036,832,2025-08-26,787.87,Mouse
4037,833,2025-11-24,295.11,Monitor
4038,833,2025-08-19,736.54,Phone
4039,833,2025-01-18,193.23,Speaker
4040,833,2025-08-15,741.7,Headphones
4041,833,2025-06-28,178.53,Phone
4042,833,2025-03-18,174.98,Mouse
4043,833,2025-05-19,900.87,Tablet
4044,833,2025-09-19,962.62,Speaker
4045,833,2025-08-24,433.64,Laptop
4046,833,2025-10-23,185.74,Monitor
4047,834,2025-12-17,179.02,Laptop
4048,835,2025-10-08,358.62,Speaker
4049,835,2025-04-06,587.33,Speaker
4050,835,2025-10-04,874.49,Speaker
4051,835,2025-11-13,118.29,Laptop
4052,835,2025-03-09,571.59,Monitor
4053,835,2026-01-01,837.01,Charger
4054,835,2025-12-30,508.12,Tablet
4055,835,2025-07-26,777.5,Phone
4056,835,2025-03-06,311.56,Mouse
4057,836,2025-01-28,495.76,Mouse
4058,836,2025-09-22,989.9,Monitor
4059,836,2026-01-08,666.77,Monitor
4060,836,2025-03-08,370.65,Laptop
4061,836,2025-05-31,829.47,Monitor
4062,836,2025-10-11,713.06,Charger
4063,836,2025-10-10,776.78,Speaker
4064,837,2025-02-06,277.24,Charger
4065,838,2025-03-27,30.52,Webcam
4066,838,2025-01-31,857.7,Tablet
4067,838,2025-02-03,363.62,Laptop
4068,838,2025-10-23,251.92,Webcam
4069,838,2025-07-15,365.83,Phone
4070,838,2025-11-10,201.9,Webcam
4071,838,2025-09-26,642.35,Monitor
4072,838,2025-07-07,878.37,Charger
4073,838,2025-07-21,900.23,Speaker
4074,838,2025-11-30,987.46,Charger
4075,839,2025-06-27,272.66,Mouse
4076,839,2025-09-25,889.11,Webcam
4077,840,2025-09-28,423.12,Monitor
4078,840,2025-10-09,316.23,Laptop
4079,840,2025-12-05,583.72,Mouse
4080,840,2025-09-19,835.83,Phone
4081,840,2025-05-28,439.13,Speaker
4082,840,2025-04-14,571.0,Mouse
4083,840,2025-08-01,295.52,Laptop
4084,840,2025-12-22,503.94,Tablet
4085,840,2025-11-06,471.65,Tablet
4086,841,2025-12-21,967.0,Charger
4087,841,2025-11-03,667.68,Monitor
4088,841,2025-11-11,491.96,Phone
4089,841,2025-02-01,801.79,Laptop
4090,841,2025-01-24,459.32,Headphones
4091,841,2026-01-10,290.19,Phone
4092,841,2025-04-14,62.66,Monitor
4093,841,2025-06-08,15.04,Mouse
4094,842,2025-02-17,835.77,Laptop
4095,842,2025-08-15,258.92,Mouse
4096,842,2025-11-04,879.93,Charger
4097,842,2025-05-15,668.67,Charger
4098,842,2025-07-05,163.49,Phone
4099,842,2025-05-24,716.07,Tablet
4100,842,2025-12-03,995.96,Headphones
4101,842,2026-01-02,437.73,Phone
4102,842,2025-12-03,297.89,Laptop
4103,842,2025-08-14,478.45,Mouse
4104,843,2025-12-23,813.59,Webcam
4105,843,2025-02-21,428.34,Phone
4106,843,2025-10-30,894.1,Monitor
4107,844,2025-09-10,317.63,Webcam
4108,844,2025-03-20,682.13,Mouse
4109,844,2025-12-23,806.34,Tablet
4110,844,2025-12-28,686.49,Headphones
4111,844,2025-10-19,257.52,Webcam
4112,844,2025-09-18,558.74,Monitor
4113,844,2025-02-20,311.95,Monitor
4114,844,2025-03-31,571.0,Speaker
4115,844,2025-04-29,550.37,Webcam
4116,845,2025-12-01,105.08,Charger
4117,845,2025-07-24,447.48,Mouse
4118,845,2025-02-07,508.78,Mouse
4119,845,2025-11-15,473.7,Webcam
4120,845,2025-12-17,471.89,Webcam
4121,845,2025-08-17,466.67,Charger
4122,847,2026-01-16,97.54,Tablet
4123,847,2025-02-17,619.06,Monitor
4124,847,2025-09-26,788.77,Charger
4125,847,2025-07-19,379.38,Charger
4126,847,2025-08-28,900.91,Monitor
4127,847,2025-03-01,63.0,Webcam
4128,848,2025-06-12,408.91,Laptop
4129,848,2025-09-06,468.18,Charger
4130,849,2025-10-12,840.81,Phone
4131,849,2025-03-01,64.15,Phone
4132,849,2025-03-16,340.15,Phone
4133,849,2025-12-01,823.72,Speaker
4134,849,2025-12-22,693.69,Laptop
4135,849,2026-01-04,130.23,Charger
4136,849,2025-06-17,741.97,Laptop
4137,850,2025-10-20,521.1,Charger
4138,850,2025-03-10,743.02,Speaker
4139,850,2025-03-01,145.04,Tablet
4140,851,2025-10-27,631.96,Laptop
4141,851,2025-09-21,807.56,Headphones
4142,851,2025-03-01,123.56,Laptop
4143,851,2025-06-07,161.49,Phone
4144,852,2025-02-25,105.9,Headphones
4145,852,2025-12-18,112.57,Laptop
4146,852,2025-02-02,834.4,Speaker
4147,852,2025-09-01,396.81,Phone
4148,852,2025-01-29,306.92,Speaker
4149,852,2025-03-08,982.87,Headphones
4150,852,2025-05-23,843.3,Charger
4151,852,2025-10-16,267.67,Speaker
4152,853,2025-07-30,620.99,Webcam
4153,853,2025-06-27,154.78,Laptop
4154,853,2025-04-19,192.96,Headphones
4155,853,2025-12-22,179.07,Charger
4156,853,2025-10-18,208.35,Speaker
4157,853,2025-04-06,297.14,Phone
4158,853,2025-05-05,959.5,Speaker
4159,853,2025-03-29,373.67,Monitor
4160,853,2025-06-06,397.28,Phone
4161,853,2025-04-04,469.32,Webcam
4162,854,2025-01-22,37.69,Speaker
4163,854,2025-03-24,128.93,Webcam
4164,856,2025-09-13,309.73,Speaker
4165,856,2025-09-18,52.21,Mouse
4166,856,2025-05-08,963.17,Speaker
4167,856,2025-07-27,883.6,Speaker
4168,856,2025-03-13,284.13,Tablet
4169,856,2025-11-01,364.17,Charger
4170,856,2025-03-23,218.67,Charger
4171,856,2025-02-19,396.72,Phone
4172,856,2025-01-26,182.75,Tablet
4173,857,2025-08-10,659.37,Mouse
4174,857,2025-06-11,464.89,Tablet
4175,857,2025-07-29,285.56,Monitor
4176,857,2025-12-21,924.24,Phone
4177,857,2025-11-28,917.0,Speaker
4178,858,2025-08-16,962.93,Tablet
4179,858,2025-05-17,580.28,Charger
4180,858,2025-03-08,777.64,Charger
4181,858,2025-08-24,266.63,Mouse
4182,858,2025-06-04,592.96,Mouse
4183,858,2025-01-24,588.65,Webcam
4184,859,2025-11-15,54.48,Tablet
4185,860,2025-03-29,105.58,Phone
4186,860,2025-11-23,504.44,Speaker
4187,860,2026-01-17,330.42,Headphones
4188,861,2025-05-26,114.38,Tablet
4189,861,2025-06-06,730.88,Webcam
4190,861,2025-11-03,758.26,Webcam
4191,862,2025-11-10,71.31,Monitor
4192,863,2025-10-14,47.04,Phone
4193,864,2025-01-18,765.72,Laptop
4194,864,2025-12-24,924.32,Mouse
4195,864,2025-10-06,116.58,Speaker
4196,864,2025-08-14,383.85,Charger
4197,864,2025-05-24,207.74,Monitor
4198,864,2025-10-30,496.19,Monitor
4199,864,2025-08-19,233.24,Tablet
4200,865,2025-11-15,815.7,Headphones
4201,865,2025-10-29,95.16,Laptop
4202,865,2025-04-11,632.82,Phone
4203,865,2025-07-03,211.5,Tablet
4204,865,2025-03-10,894.36,Mouse
4205,865,2025-03-28,776.64,Charger
4206,866,2025-12-26,347.3,Charger
4207,867,2025-08-07,198.24,Headphones
4208,867,2025-08-03,574.67,Speaker
4209,867,2025-06-08,505.84,Mouse
4210,867,2025-10-24,622.29,Charger
4211,867,2025-03-06,854.89,Phone
4212,867,2025-11-23,444.49,Webcam
4213,867,2025-04-22,875.24,Phone
4214,868,2025-02-14,784.56,Monitor
4215,868,2025-10-16,109.9,Speaker
4216,869,2025-03-16,60.96,Charger
4217,869,2025-03-10,337.61,Headphones
4218,869,2025-07-13,823.11,Monitor
4219,870,2025-02-06,396.52,Mouse
4220,870,2025-03-04,77.27,Tablet
4221,870,2025-08-30,968.43,Phone
4222,870,2025-07-12,539.08,Headphones
4223,871,2025-08-10,932.49,Charger
4224,871,2025-04-29,319.12,Laptop
4225,871,2025-03-19,550.48,Phone
4226,871,2025-09-01,586.94,Monitor
4227,871,2025-06-29,656.7,Laptop
4228,871,2025-10-09,344.66,Monitor
4229,871,2025-02-18,208.51,Laptop
4230,871,2025-06-22,147.9,Charger
4231,872,2025-08-22,924.93,Laptop
4232,872,2025-06-17,243.26,Phone
4233,872,2025-03-06,807.61,Laptop
4234,872,2025-11-28,352.39,Phone
4235,872,2025-07-31,950.41,Phone
4236,873,2025-12-29,483.98,Tablet
4237,873,2025-02-26,277.8,Laptop
4238,873,2025-05-14,113.02,Speaker
4239,873,2026-01-01,512.53,Mouse
4240,873,2025-03-17,437.2,Monitor
4241,873,2025-12-05,783.73,Headphones
4242,873,2025-09-06,31.23,Laptop
4243,873,2025-01-20,36.09,Headphones
4244,874,2025-10-01,612.06,Webcam
4245,874,2025-12-01,685.12,Laptop
4246,874,2025-01-29,556.97,Laptop
4247,874,2025-02-08,393.25,Webcam
4248,874,2025-01-24,698.49,Webcam
4249,874,2025-05-30,704.32,Charger
4250,874,2025-12-15,146.39,Speaker
4251,874,2026-01-03,126.81,Mouse
4252,875,2025-08-12,201.71,Webcam
4253,875,2025-10-26,918.89,Headphones
4254,875,2025-07-02,239.71,Laptop
4255,875,2025-06-21,234.85,Charger
4256,875,2025-11-01,572.37,Laptop
4257,876,2025-09-02,814.5,Phone
4258,876,2025-06-02,66.09,Speaker
4259,876,2025-08-21,188.79,Laptop
4260,877,2025-10-29,356.17,Headphones
4261,877,2025-05-25,998.11,Tablet
4262,877,2025-05-02,610.06,Speaker
4263,877,2025-11-22,661.01,Phone
4264,877,2025-12-30,85.61,Charger
4265,878,2025-04-19,499.98,Mouse
4266,878,2025-11-22,898.66,Headphones
4267,878,2025-03-09,449.11,Monitor
4268,879,2025-11-10,782.41,Monitor
4269,879,2025-07-05,870.28,Headphones
4270,879,2025-01-18,531.58,Monitor
4271,879,2025-02-03,325.67,Charger
4272,879,2025-02-08,508.41,Laptop
4273,880,2025-03-02,901.42,Speaker
4274,880,2025-10-31,286.99,Headphones
4275,880,2025-03-03,912.93,Charger
4276,880,2025-04-03,238.23,Charger
4277,880,2025-11-09,218.66,Mouse
4278,881,2025-10-14,45.51,Headphones
4279,881,2025-06-18,701.36,Speaker
4280,882,2025-04-12,31.08,Laptop
4281,883,2025-07-01,285.19,Webcam
4282,883,2025-04-29,307.41,Phone
4283,883,2025-12-29,69.12,Webcam
4284,883,2025-07-15,500.4,Webcam
4285,884,2025-06-22,449.58,Headphones
4286,884,2025-02-02,213.67,Tablet
4287,884,2025-01-22,663.33,Charger
4288,884,2025-02-22,61.74,Monitor
4289,884,2025-10-10,40.99,Mouse
4290,884,2025-06-01,937.85,Mouse
4291,885,2025-02-26,812.14,Headphones
4292,885,2025-08-22,759.68,Mouse
4293,885,2025-12-01,728.53,Webcam
4294,885,2025-02-26,867.08,Laptop
4295,886,2025-05-23,557.76,Monitor
4296,887,2025-02-09,468.87,Charger
4297,887,2025-02-17,267.5,Webcam
4298,887,2025-07-23,472.66,Headphones
4299,887,2025-06-16,140.55,Laptop
4300,887,2025-02-24,287.89,Monitor
4301,887,2025-02-06,94.68,Headphones
4302,887,2025-10-05,773.63,Monitor
4303,887,2025-05-19,344.16,Webcam
4304,889,2026-01-07,281.53,Monitor
4305,889,2025-11-11,662.64,Laptop
4306,889,2025-05-03,133.06,Mouse
4307,889,2026-01-08,837.64,Tablet
4308,889,2026-01-02,449.37,Laptop
4309,889,2025-07-17,445.51,Speaker
4310,889,2025-04-01,46.63,Mouse
4311,889,2025-06-13,485.41,Charger
4312,889,2025-02-28,225.66,Laptop
4313,890,2025-03-30,939.45,Monitor
4314,890,2025-01-24,898.07,Charger
4315,890,2025-06-26,320.89,Phone
4316,890,2025-05-25,446.04,Monitor
4317,890,2025-11-28,768.32,Monitor
4318,890,2025-09-22,266.95,Speaker
4319,890,2025-06-30,135.95,Tablet
4320,890,2025-10-02,155.43,Laptop
4321,890,2025-08-24,240.35,Laptop
4322,891,2025-07-18,687.6,Speaker
4323,891,2025-04-02,584.09,Laptop
4324,892,2025-08-11,720.18,Laptop
4325,892,2025-05-20,952.19,Monitor
4326,892,2026-01-18,975.53,Laptop
4327,892,2025-11-08,681.6,Mouse
4328,892,2025-10-29,545.04,Laptop
4329,892,2025-08-28,604.57,Mouse
4330,892,2025-03-16,118.07,Charger
4331,892,2025-11-10,449.37,Charger
4332,893,2025-12-27,244.61,Mouse
4333,894,2025-12-21,377.65,Webcam
4334,894,2025-11-20,80.68,Webcam
4335,894,2025-12-09,877.09,Tablet
4336,894,2025-06-26,34.45,Mouse
4337,894,2025-03-13,341.64,Webcam
4338,894,2025-05-27,898.42,Mouse
4339,894,2025-02-10,475.98,Monitor
4340,894,2025-04-16,625.7,Tablet
4341,894,2025-03-09,374.62,Monitor
4342,895,2025-11-26,912.75,Laptop
4343,895,2025-01-24,115.17,Headphones
4344,896,2025-02-08,515.69,Charger
4345,896,2025-04-25,785.63,Mouse
4346,896,2025-06-18,940.54,Webcam
4347,896,2025-02-23,832.42,Laptop
4348,896,2026-01-06,660.49,Tablet
4349,897,2025-09-04,764.99,Phone
4350,897,2025-01-27,955.63,Headphones
4351,897,2025-02-11,569.75,Charger
4352,897,2025-03-01,736.61,Charger
4353,897,2025-06-30,735.72,Charger
4354,897,2025-07-14,800.22,Speaker
4355,898,2025-07-08,529.2,Speaker
4356,898,2025-12-18,323.77,Headphones
4357,898,2025-01-31,837.65,Monitor
4358,898,2025-10-19,911.96,Mouse
4359,898,2025-04-24,250.64,Mouse
4360,898,2025-04-14,238.58,Mouse
4361,898,2025-10-26,750.71,Phone
4362,898,2025-08-08,696.14,Speaker
4363,898,2025-11-14,735.47,Webcam
4364,898,2025-08-12,368.26,Mouse
4365,899,2025-10-01,510.59,Mouse
4366,899,2025-10-03,656.8,Headphones
4367,899,2025-09-29,454.48,Webcam
4368,899,2025-08-16,237.47,Tablet
4369,899,2025-05-13,926.46,Headphones
4370,899,2025-09-19,778.68,Webcam
4371,899,2025-10-04,677.36,Tablet
4372,899,2025-05-13,609.49,Monitor
4373,900,2025-03-21,320.71,Phone
4374,900,2025-04-21,414.42,Charger
4375,900,2025-08-28,983.42,Speaker
4376,900,2025-01-31,636.3,Headphones
4377,900,2025-08-21,900.87,Speaker
4378,902,2025-09-11,129.58,Monitor
4379,902,2025-08-24,767.85,Speaker
4380,903,2025-07-18,135.13,Laptop
4381,904,2025-12-18,33.69,Tablet
4382,904,2025-10-31,990.03,Tablet
4383,904,2025-07-30,519.75,Charger
4384,904,2025-07-17,919.44,Webcam
4385,904,2025-04-09,360.82,Webcam
4386,904,2025-02-10,699.96,Headphones
4387,905,2025-07-06,127.84,Mouse
4388,905,2025-06-27,595.56,Phone
4389,905,2025-03-03,994.19,Laptop
4390,905,2025-06-18,83.02,Mouse
4391,906,2025-08-26,911.57,Speaker
4392,906,2025-10-19,743.29,Webcam
4393,906,2025-02-24,296.4,Speaker
4394,906,2025-12-16,703.11,Tablet
4395,906,2026-01-02,726.47,Charger
4396,906,2025-03-13,92.95,Laptop
4397,906,2025-07-14,597.62,Mouse
4398,907,2026-01-01,652.91,Webcam
4399,907,2025-07-14,327.23,Tablet
4400,907,2025-08-14,513.58,Monitor
4401,907,2025-04-18,945.32,Phone
4402,907,2025-11-18,239.94,Speaker
4403,907,2025-10-23,347.71,Charger
4404,907,2025-06-26,898.33,Charger
4405,907,2025-04-05,845.62,Webcam
4406,907,2025-09-27,292.4,Webcam
4407,907,2025-07-25,325.39,Tablet
4408,908,2025-08-22,51.52,Headphones
4409,908,2025-05-03,436.23,Monitor
4410,909,2025-08-14,880.79,Mouse
4411,909,2025-02-28,108.47,Monitor
4412,909,2025-08-29,173.94,Monitor
4413,909,2025-11-09,281.11,Speaker
4414,909,2025-02-11,231.4,Tablet
4415,909,2025-11-15,295.59,Monitor
4416,909,2025-04-24,988.92,Phone
4417,909,2025-12-07,925.27,Monitor
4418,909,2025-11-24,149.59,Headphones
4419,910,2026-01-02,840.4,Tablet
4420,910,2025-03-10,37.08,Laptop
4421,910,2025-04-06,960.26,Charger
4422,910,2025-02-05,542.54,Headphones
4423,910,2025-07-05,16.6,Laptop
4424,910,2025-12-14,375.85,Monitor
4425,910,2025-11-22,942.39,Webcam
4426,910,2025-02-25,734.77,Charger
4427,911,2025-06-17,832.73,Monitor
4428,911,2025-11-21,918.82,Phone
4429,912,2025-09-16,889.99,Speaker
4430,912,2025-09-16,270.43,Tablet
4431,912,2025-09-05,993.15,Phone
4432,912,2025-09-16,968.76,Phone
4433,912,2025-04-22,746.83,Headphones
4434,912,2025-11-24,730.09,Mouse
4435,912,2025-12-14,165.16,Mouse
4436,913,2025-08-05,458.93,Charger
4437,913,2026-01-09,675.36,Phone
4438,913,2025-02-17,709.74,Mouse
4439,913,2025-06-02,893.35,Laptop
4440,914,2025-10-01,109.43,Charger
4441,914,2025-08-31,324.35,Charger
4442,914,2025-07-24,664.52,Laptop
4443,914,2025-07-21,949.69,Laptop
4444,914,2026-01-16,253.45,Webcam
4445,914,2025-08-20,873.39,Headphones
4446,915,2025-12-13,203.72,Speaker
4447,915,2025-12-12,159.92,Tablet
4448,915,2025-02-17,736.23,Monitor
4449,915,2025-06-29,140.47,Phone
4450,915,2025-01-26,951.32,Headphones
4451,915,2025-11-20,13.17,Phone
4452,915,2025-07-21,495.78,Headphones
4453,915,2025-08-21,712.89,Laptop
4454,915,2025-05-04,423.98,Monitor
4455,915,2025-09-17,617.24,Headphones
4456,916,2025-01-29,355.22,Charger
4457,916,2025-11-14,660.37,Tablet
4458,916,2025-02-12,879.11,Headphones
4459,916,2025-08-06,876.29,Speaker
4460,916,2025-06-13,495.32,Webcam
4461,916,2025-04-23,601.86,Charger
4462,916,2025-08-01,486.15,Phone
4463,916,2025-03-17,226.74,Monitor
4464,916,2025-03-03,425.4,Speaker
4465,916,2025-12-30,332.14,Webcam
4466,917,2025-12-07,184.43,Mouse
4467,918,2025-07-28,122.4,Webcam
4468,918,2025-10-14,707.77,Speaker
4469,918,2025-04-13,841.72,Speaker
4470,918,2026-01-12,605.05,Headphones
4471,918,2026-01-08,38.67,Monitor
4472,918,2025-06-03,512.41,Webcam
4473,918,2025-12-25,70.2,Mouse
4474,918,2025-08-03,268.99,Mouse
4475,918,2025-02-09,417.12,Speaker
4476,918,2025-01-27,430.95,Monitor
4477,920,2025-08-03,490.65,Headphones
4478,920,2025-06-20,346.44,Laptop
4479,920,2025-05-15,315.43,Webcam
4480,920,2025-09-18,229.1,Tablet
4481,921,2025-11-17,214.14,Phone
4482,921,2025-03-24,948.4,Mouse
4483,921,2025-03-28,137.92,Charger
4484,921,2025-08-12,29.72,Laptop
4485,921,2025-05-07,804.39,Phone
4486,921,2025-06-14,782.63,Mouse
4487,921,2025-10-24,913.11,Charger
4488,921,2025-09-19,72.83,Laptop
4489,922,2025-12-25,218.36,Charger
4490,922,2025-07-23,206.46,Tablet
4491,922,2025-07-19,839.77,Webcam
4492,922,2025-11-13,861.13,Headphones
4493,922,2025-04-26,297.29,Tablet
4494,922,2025-03-19,911.55,Mouse
4495,922,2025-09-20,419.26,Charger
4496,922,2025-08-10,736.0,Laptop
4497,925,2025-07-21,111.5,Webcam
4498,925,2025-07-06,793.43,Laptop
4499,925,2025-10-20,165.38,Monitor
4500,925,2025-08-17,34.0,Headphones
4501,925,2026-01-18,43.44,Phone
4502,925,2025-12-24,814.87,Webcam
4503,925,2025-07-11,658.72,Tablet
4504,925,2025-09-07,820.11,Monitor
4505,926,2025-04-25,85.76,Charger
4506,927,2025-08-21,29.95,Charger
4507,927,2025-04-11,608.82,Tablet
4508,927,2025-03-02,104.6,Webcam
4509,927,2025-12-15,202.34,Monitor
4510,927,2025-02-19,786.92,Webcam
4511,927,2025-08-18,517.23,Laptop
4512,928,2025-02-28,281.31,Headphones
4513,928,2025-06-23,108.68,Speaker
4514,928,2025-07-17,382.81,Webcam
4515,928,2025-08-07,102.13,Webcam
4516,929,2025-04-18,285.77,Monitor
4517,929,2025-07-15,908.59,Charger
4518,929,2025-09-21,511.53,Webcam
4519,929,2025-11-09,27.04,Speaker
4520,929,2025-08-08,730.28,Mouse
4521,929,2025-04-10,765.07,Phone
4522,929,2025-10-09,457.75,Laptop
4523,929,2025-05-27,403.38,Headphones
4524,930,2025-10-30,376.12,Phone
4525,930,2025-07-05,646.39,Mouse
4526,930,2025-11-06,152.33,Phone
4527,930,2025-11-08,104.44,Tablet
4528,930,2025-09-20,215.61,Speaker
4529,930,2025-06-12,597.48,Phone
4530,930,2025-05-05,149.92,Speaker
4531,931,2025-02-03,725.8,Headphones
4532,931,2025-08-27,68.34,Speaker
4533,931,2025-06-21,259.5,Monitor
4534,931,2025-09-09,743.11,Tablet
4535,931,2025-11-19,46.14,Webcam
4536,931,2025-06-04,872.71,Monitor
4537,931,2025-08-06,693.49,Charger
4538,931,2025-10-08,796.75,Charger
4539,932,2025-12-26,319.89,Headphones
4540,932,2025-06-24,328.62,Speaker
4541,932,2025-04-25,519.29,Phone
4542,932,2025-07-24,922.02,Webcam
4543,932,2025-03-14,702.26,Webcam
4544,932,2025-06-29,136.01,Laptop
4545,932,2025-03-14,170.47,Phone
4546,933,2025-05-21,205.39,Phone
4547,933,2025-06-08,48.67,Webcam
4548,934,2025-03-17,179.01,Charger
4549,934,2025-12-25,492.32,Charger
4550,934,2025-08-18,423.97,Laptop
4551,934,2025-04-16,303.78,Webcam
4552,934,2025-09-05,995.79,Monitor
4553,934,2025-04-28,527.26,Mouse
4554,934,2025-08-06,568.17,Tablet
4555,935,2025-01-18,297.29,Headphones
4556,935,2026-01-07,804.79,Mouse
4557,936,2026-01-04,608.47,Speaker
4558,936,2025-10-29,468.25,Mouse
4559,936,2025-04-25,927.81,Tablet
4560,936,2025-06-13,172.6,Speaker
4561,936,2025-09-29,19.72,Webcam
4562,936,2025-04-11,187.43,Speaker
4563,936,2025-02-02,76.38,Laptop
4564,936,2025-06-26,318.72,Headphones
4565,937,2026-01-13,697.1,Charger
4566,937,2025-06-11,464.01,Phone
4567,937,2025-03-14,70.5,Speaker
4568,938,2026-01-14,164.89,Mouse
4569,938,2025-07-29,639.98,Headphones
4570,938,2025-08-26,351.51,Laptop
4571,938,2025-02-11,928.6,Monitor
4572,938,2025-01-26,291.35,Webcam
4573,938,2025-11-18,588.62,Monitor
4574,938,2025-02-19,373.6,Webcam
4575,938,2025-02-14,934.96,Charger
4576,938,2026-01-18,545.61,Headphones
4577,939,2025-02-28,596.71,Phone
4578,940,2025-12-11,287.19,Monitor
4579,940,2026-01-16,568.02,Tablet
4580,940,2025-04-18,798.92,Webcam
4581,941,2025-09-16,579.9,Monitor
4582,941,2026-01-14,966.99,Speaker
4583,941,2025-09-09,217.21,Laptop
4584,941,2025-03-18,785.53,Headphones
4585,941,2025-11-14,100.42,Tablet
4586,942,2025-04-02,173.17,Laptop
4587,942,2025-06-16,330.1,Laptop
4588,943,2025-04-13,516.59,Speaker
4589,943,2025-07-10,431.15,Speaker
4590,944,2025-06-16,309.53,Phone
4591,944,2025-01-18,248.37,Webcam
4592,944,2025-03-27,383.54,Webcam
4593,944,2025-04-18,709.18,Mouse
4594,944,2025-12-20,318.64,Charger
4595,945,2025-05-15,535.38,Headphones
4596,945,2025-07-24,955.81,Monitor
4597,945,2025-06-13,714.23,Webcam
4598,945,2025-10-30,564.88,Speaker
4599,945,2025-10-01,698.15,Monitor
4600,946,2025-12-17,129.04,Webcam
4601,946,2025-05-29,655.57,Tablet
4602,946,2026-01-02,35.04,Mouse
4603,946,2025-10-19,856.82,Mouse
4604,946,2025-07-18,731.21,Headphones
4605,946,2025-04-23,620.8,Headphones
4606,946,2025-08-31,388.63,Tablet
4607,946,2025-06-23,933.86,Laptop
4608,946,2025-09-13,203.88,Mouse
4609,946,2025-12-03,530.74,Laptop
4610,947,2025-09-30,317.29,Phone
4611,947,2025-04-28,911.93,Monitor
4612,947,2025-11-02,507.77,Laptop
4613,947,2025-06-19,610.71,Laptop
4614,947,2025-11-23,650.75,Speaker
4615,947,2025-07-09,404.31,Monitor
4616,947,2025-10-15,281.43,Laptop
4617,947,2025-12-12,971.43,Laptop
4618,947,2025-12-24,864.55,Speaker
4619,948,2025-02-10,635.92,Speaker
4620,948,2025-07-25,182.03,Charger
4621,948,2025-10-01,809.36,Laptop
4622,948,2025-08-23,375.84,Tablet
4623,948,2025-08-15,708.58,Tablet
4624,948,2025-08-06,872.2,Tablet
4625,948,2025-02-02,92.0,Phone
4626,948,2025-08-04,65.49,Laptop
4627,948,2025-12-16,321.09,Charger
4628,949,2025-01-19,983.57,Headphones
4629,949,2025-06-13,658.55,Laptop
4630,949,2025-11-18,339.34,Mouse
4631,949,2025-03-12,898.76,Tablet
4632,950,2025-04-27,724.91,Mouse
4633,950,2025-06-29,521.18,Webcam
4634,950,2025-06-18,422.21,Laptop
4635,950,2025-11-24,74.31,Charger
4636,950,2025-02-25,156.04,Monitor
4637,950,2025-04-10,93.13,Speaker
4638,950,2025-05-17,54.06,Headphones
4639,950,2025-03-26,691.83,Webcam
4640,950,2025-06-11,181.24,Laptop
4641,951,2025-06-04,281.03,Mouse
4642,951,2025-04-24,126.54,Speaker
4643,951,2025-06-21,572.49,Phone
4644,951,2025-09-17,570.53,Speaker
4645,952,2025-08-31,125.1,Phone
4646,953,2025-12-18,732.25,Tablet
4647,953,2025-09-30,324.33,Laptop
4648,954,2025-08-18,790.85,Headphones
4649,954,2025-09-29,641.57,Speaker
4650,955,2025-08-07,878.43,Headphones
4651,956,2025-05-12,838.94,Headphones
4652,956,2025-07-22,749.93,Tablet
4653,956,2025-08-13,317.38,Webcam
4654,956,2025-09-27,708.85,Tablet
4655,957,2025-12-01,149.02,Mouse
4656,957,2025-05-17,419.84,Headphones
4657,957,2025-08-21,280.07,Headphones
4658,957,2026-01-11,185.34,Monitor
4659,958,2025-11-08,700.58,Monitor
4660,958,2025-02-05,101.49,Mouse
4661,958,2025-03-04,582.91,Mouse
4662,958,2025-03-08,774.65,Charger
4663,959,2025-08-25,831.21,Tablet
4664,959,2025-03-25,46.36,Webcam
4665,959,2025-11-23,164.15,Headphones
4666,959,2025-10-30,993.82,Webcam
4667,959,2026-01-17,353.45,Monitor
4668,959,2025-04-18,215.37,Charger
4669,959,2025-12-23,556.1,Monitor
4670,960,2025-12-09,518.14,Headphones
4671,961,2025-02-03,226.07,Monitor
4672,961,2025-02-28,41.13,Phone
4673,961,2025-07-10,521.86,Tablet
4674,961,2025-06-21,480.46,Speaker
4675,962,2025-10-11,329.76,Webcam
4676,962,2025-04-11,661.72,Laptop
4677,962,2025-08-24,329.15,Phone
4678,962,2025-10-20,633.18,Laptop
4679,962,2025-08-09,167.16,Speaker
4680,962,2025-06-11,341.37,Phone
4681,962,2025-06-21,195.24,Mouse
4682,962,2025-04-18,313.21,Speaker
4683,962,2026-01-10,551.31,Laptop
4684,963,2025-09-12,811.13,Speaker
4685,963,2025-02-23,597.64,Webcam
4686,963,2025-08-18,733.65,Speaker
4687,963,2025-05-17,835.76,Monitor
4688,963,2025-08-25,726.14,Mouse
4689,963,2025-06-05,487.73,Webcam
4690,963,2025-01-20,307.17,Headphones
4691,964,2025-01-27,116.78,Webcam
4692,964,2025-09-15,776.33,Webcam
4693,964,2025-08-15,597.15,Tablet
4694,964,2025-11-09,517.08,Monitor
4695,964,2025-05-07,887.73,Charger
4696,964,2026-01-08,206.48,Tablet
4697,964,2025-04-19,138.59,Mouse
4698,964,2025-02-04,790.68,Laptop
4699,965,2025-12-20,316.18,Tablet
4700,966,2026-01-18,464.13,Tablet
4701,966,2025-09-24,465.98,Tablet
4702,966,2025-04-28,208.4,Tablet
4703,966,2025-12-14,308.27,Phone
4704,966,2025-11-29,192.75,Headphones
4705,967,2025-08-30,99.27,Headphones
4706,967,2025-06-24,162.6,Charger
4707,967,2025-06-17,847.21,Mouse
4708,967,2025-05-17,14.9,Tablet
4709,967,2025-06-26,351.26,Speaker
4710,967,2025-03-18,554.33,Webcam
4711,968,2025-11-14,913.7,Webcam
4712,968,2025-12-24,833.03,Headphones
4713,968,2025-05-13,765.43,Phone
4714,969,2025-11-30,137.22,Tablet
4715,969,2025-07-16,405.88,Mouse
4716,969,2025-06-29,899.04,Webcam
4717,969,2025-08-02,600.97,Charger
4718,969,2025-01-28,80.94,Speaker
4719,969,2025-07-01,673.18,Laptop
4720,970,2026-01-01,886.73,Tablet
4721,970,2025-10-26,770.17,Mouse
4722,970,2026-01-06,368.66,Charger
4723,972,2025-03-29,603.18,Webcam
4724,972,2025-07-22,915.44,Headphones
4725,972,2025-08-28,146.7,Headphones
4726,972,2025-06-22,53.81,Monitor
4727,972,2025-04-16,441.05,Mouse
4728,972,2025-10-31,390.23,Tablet
4729,972,2025-04-22,431.45,Monitor
4730,972,2025-06-15,317.98,Speaker
4731,972,2025-06-06,44.48,Webcam
4732,973,2025-03-06,171.91,Charger
4733,973,2025-09-06,835.89,Speaker
4734,974,2025-10-26,352.82,Phone
4735,975,2025-05-21,863.84,Laptop
4736,975,2025-05-03,169.27,Tablet
4737,975,2025-02-26,578.94,Webcam
4738,975,2025-09-06,689.44,Laptop
4739,975,2025-08-26,491.28,Webcam
4740,975,2025-05-25,428.23,Laptop
4741,975,2025-12-22,309.92,Monitor
4742,975,2025-01-21,744.64,Phone
4743,975,2025-12-25,607.6,Speaker
4744,975,2025-06-22,507.04,Speaker
4745,976,2025-11-27,845.73,Mouse
4746,976,2025-03-02,120.56,Tablet
4747,976,2025-03-14,980.93,Charger
4748,976,2025-03-25,762.01,Phone
4749,976,2025-10-23,158.88,Mouse
4750,977,2025-07-02,265.26,Charger
4751,977,2026-01-05,814.71,Speaker
4752,977,2025-07-12,440.54,Speaker
4753,977,2025-09-15,288.9,Phone
4754,977,2025-05-11,869.22,Speaker
4755,977,2025-03-08,373.43,Mouse
4756,977,2025-05-13,259.8,Mouse
4757,977,2025-02-11,678.25,Laptop
4758,977,2025-01-28,547.32,Tablet
4759,978,2025-02-15,363.32,Laptop
4760,978,2025-04-30,452.3,Monitor
4761,978,2026-01-12,639.62,Phone
4762,978,2025-02-20,363.67,Laptop
4763,979,2025-12-17,741.29,Headphones
4764,979,2025-11-25,183.48,Charger
4765,979,2025-11-12,103.63,Tablet
4766,979,2025-04-19,636.59,Webcam
4767,979,2025-11-05,893.79,Mouse
4768,979,2025-09-09,972.13,Headphones
4769,979,2026-01-16,919.59,Charger
4770,979,2025-01-20,573.38,Laptop
4771,980,2025-12-15,333.32,Laptop
4772,981,2025-08-02,613.26,Phone
4773,981,2025-02-26,388.09,Phone
4774,982,2025-08-21,928.17,Monitor
4775,982,2026-01-12,428.3,Laptop
4776,982,2025-07-13,192.09,Monitor
4777,982,2025-07-17,724.38,Phone
4778,982,2025-08-10,838.48,Webcam
4779,983,2025-03-30,795.71,Monitor
4780,984,2025-02-15,619.43,Charger
4781,984,2025-08-17,855.7,Headphones
4782,984,2025-12-06,697.31,Laptop
4783,984,2025-05-29,380.49,Speaker
4784,985,2025-12-24,763.11,Webcam
4785,985,2025-12-12,282.04,Tablet
4786,985,2025-12-24,284.09,Laptop
4787,986,2025-04-27,404.68,Tablet
4788,986,2025-03-08,681.43,Monitor
4789,986,2025-10-07,15.0,Headphones
4790,986,2025-11-04,28.53,Webcam
4791,986,2025-11-26,660.64,Monitor
4792,986,2025-09-08,274.38,Mouse
4793,986,2025-06-22,106.18,Headphones
4794,986,2025-03-12,27.89,Mouse
4795,986,2025-02-27,228.85,Monitor
4796,987,2025-03-19,828.71,Webcam
4797,987,2025-04-02,638.42,Mouse
4798,987,2025-04-19,546.04,Speaker
4799,987,2025-10-14,930.57,Laptop
4800,987,2025-12-07,349.52,Mouse
4801,987,2025-05-23,352.9,Speaker
4802,987,2025-06-24,160.26,Speaker
4803,987,2025-09-29,218.53,Tablet
4804,987,2025-10-11,676.26,Monitor
4805,988,2025-12-01,41.94,Phone
4806,988,2025-07-31,635.07,Charger
4807,988,2025-07-05,985.1,Phone
4808,988,2025-05-26,215.48,Charger
4809,988,2025-11-13,375.5,Monitor
4810,988,2025-03-20,753.35,Speaker
4811,989,2026-01-12,472.71,Tablet
4812,989,2025-12-30,628.61,Tablet
4813,989,2025-03-22,628.02,Webcam
4814,989,2025-03-05,421.24,Laptop
4815,989,2025-09-20,753.87,Monitor
4816,989,2025-09-29,560.88,Speaker
4817,989,2025-04-13,989.78,Webcam
4818,989,2025-05-16,921.96,Tablet
4819,989,2025-04-20,384.64,Phone
4820,989,2025-11-05,106.01,Headphones
4821,990,2026-01-11,992.21,Monitor
4822,990,2025-04-26,186.84,Tablet
4823,990,2025-01-29,769.21,Webcam
4824,991,2025-12-29,414.43,Headphones
4825,991,2025-04-21,424.0,Monitor
4826,991,2025-09-13,326.21,Mouse
4827,991,2025-05-02,633.97,Mouse
4828,991,2025-07-08,507.28,Charger
4829,991,2025-10-15,398.25,Webcam
4830,991,2025-12-02,499.88,Speaker
4831,991,2025-11-23,293.42,Speaker
4832,992,2025-02-15,924.67,Tablet
4833,992,2025-03-10,406.05,Laptop
4834,993,2025-03-29,831.57,Speaker
4835,993,2025-12-26,659.63,Phone
4836,993,2026-01-13,389.52,Webcam
4837,993,2025-05-02,974.5,Webcam
4838,993,2025-08-02,196.99,Laptop
4839,993,2025-10-25,622.69,Tablet
4840,993,2025-10-12,613.61,Charger
4841,993,2025-07-16,998.92,Webcam
4842,995,2025-12-28,613.71,Tablet
4843,995,2025-10-13,573.61,Speaker
4844,995,2026-01-12,687.52,Mouse
4845,995,2025-07-01,32.49,Webcam
4846,995,2025-12-13,556.54,Headphones
4847,996,2025-06-12,463.19,Headphones
4848,996,2025-04-03,183.46,Headphones
4849,997,2025-09-18,141.32,Phone
4850,997,2025-09-11,895.5,Headphones
4851,997,2025-09-23,581.83,Speaker
4852,997,2025-03-19,252.6,Speaker
4853,997,2025-03-21,989.82,Tablet
4854,998,2025-03-29,505.21,Phone
4855,998,2025-11-18,805.65,Mouse
4856,998,2025-08-03,873.36,Tablet
4857,998,2025-09-25,252.41,Phone
4858,998,2025-11-13,16.81,Laptop
4859,998,2025-12-12,685.2,Webcam
4860,998,2025-05-27,868.39,Speaker
4861,999,2025-01-22,79.66,Webcam
4862,999,2025-08-04,958.0,Charger
4863,999,2025-11-07,129.77,Charger
4864,999,2025-02-11,717.62,Speaker
4865,999,2025-10-31,486.0,Laptop
4866,999,2026-01-05,300.03,Webcam
4867,1001,2025-11-16,405.44,Charger
4868,1001,2025-04-21,632.98,Speaker
4869,1001,2025-10-06,434.3,Phone
4870,1001,2025-03-30,112.59,Monitor
4871,1001,2025-06-08,760.36,Phone
4872,1002,2026-01-16,372.8,Mouse
4873,1002,2026-01-11,150.53,Headphones
4874,1003,2025-05-16,217.98,Phone
4875,1003,2025-08-05,336.73,Phone
4876,1003,2025-11-17,463.66,Speaker
4877,1003,2025-04-25,754.98,Monitor
4878,1003,2025-12-11,349.02,Speaker
4879,1003,2025-05-19,337.35,Speaker
4880,1003,2025-04-12,702.57,Monitor
4881,1004,2025-05-09,45.39,Tablet
4882,1004,2025-01-31,156.54,Monitor
4883,1004,2025-12-21,35.68,Mouse
4884,1004,2025-10-01,567.9,Monitor
4885,1004,2025-09-07,313.6,Tablet
4886,1004,2025-02-25,571.96,Monitor
4887,1004,2025-02-12,480.53,Speaker
4888,1004,2025-12-03,676.55,Tablet
4889,1004,2025-06-28,746.3,Tablet
4890,1005,2025-07-21,611.37,Webcam
4891,1005,2025-07-25,264.73,Headphones
4892,1007,2025-02-11,587.4,Tablet
4893,1007,2025-06-22,588.39,Monitor
4894,1007,2026-01-14,370.52,Charger
4895,1008,2025-04-30,411.79,Tablet
4896,1008,2025-04-21,972.68,Tablet
4897,1008,2025-09-20,591.26,Charger
4898,1008,2025-05-29,321.15,Mouse
4899,1008,2025-04-23,384.2,Speaker
4900,1008,2025-02-06,651.89,Charger
4901,1008,2025-07-31,487.23,Speaker
4902,1008,2025-11-13,898.16,Laptop
4903,1009,2025-12-05,947.48,Mouse
4904,1009,2025-09-26,232.58,Headphones
4905,1009,2025-07-10,232.07,Monitor
4906,1009,2025-09-01,612.55,Phone
4907,1009,2025-07-01,653.5,Mouse
4908,1009,2025-11-01,503.8,Laptop
4909,1009,2025-02-26,841.58,Charger
4910,1009,2025-09-09,899.15,Headphones
4911,1009,2025-09-13,369.92,Laptop
4912,1009,2025-12-17,404.51,Phone
4913,1010,2025-10-10,512.34,Monitor
4914,1010,2025-05-15,557.75,Charger
4915,1010,2025-09-10,848.14,Charger
4916,1010,2025-03-04,873.89,Laptop
4917,1010,2025-08-02,452.17,Charger
4918,1011,2026-01-04,252.25,Tablet
4919,1011,2025-07-24,692.8,Headphones
4920,1011,2025-04-21,236.06,Speaker
4921,1012,2025-08-03,49.83,Monitor
4922,1012,2025-06-08,556.46,Phone
4923,1013,2025-09-02,736.0,Phone
4924,1013,2025-08-18,907.08,Tablet
4925,1013,2026-01-14,527.33,Laptop
4926,1014,2025-07-30,235.31,Speaker
4927,1014,2025-10-29,469.63,Charger
4928,1014,2025-12-07,882.82,Laptop
4929,1015,2025-10-24,792.12,Phone
4930,1015,2025-08-25,204.46,Phone
4931,1015,2025-05-10,447.48,Speaker
4932,1015,2026-01-13,205.42,Charger
4933,1015,2025-07-13,593.48,Speaker
4934,1016,2025-10-02,573.64,Webcam
4935,1016,2025-11-20,862.53,Phone
4936,1016,2025-02-25,722.78,Speaker
4937,1016,2025-11-21,779.62,Headphones
4938,1017,2025-09-24,807.71,Speaker
4939,1017,2025-04-20,992.32,Monitor
4940,1017,2025-04-13,757.01,Monitor
4941,1017,2025-11-10,497.68,Tablet
4942,1017,2025-11-29,335.35,Speaker
4943,1017,2026-01-14,519.06,Monitor
4944,1017,2025-08-03,271.56,Charger
4945,1017,2026-01-05,256.53,Monitor
4946,1017,2025-10-05,681.06,Charger
4947,1018,2025-03-23,629.66,Phone
4948,1018,2025-03-07,977.46,Tablet
4949,1018,2025-04-02,492.7,Mouse
4950,1018,2025-08-09,894.43,Charger
4951,1019,2025-04-10,500.83,Tablet
4952,1019,2025-07-01,74.9,Webcam
4953,1019,2025-07-27,676.25,Phone
4954,1019,2025-04-15,926.04,Speaker
4955,1019,2025-11-03,349.01,Charger
4956,1019,2025-03-14,824.33,Headphones
4957,1019,2025-02-28,781.0,Headphones
4958,1020,2025-09-11,314.13,Monitor
4959,1020,2025-08-07,326.82,Charger
4960,1020,2025-01-29,477.16,Monitor
4961,1021,2025-12-20,218.19,Tablet
4962,1021,2025-03-16,330.53,Headphones
4963,1021,2025-12-06,768.73,Tablet
4964,1021,2025-04-04,853.83,Tablet
4965,1021,2025-03-22,332.42,Charger
4966,1021,2025-12-01,981.34,Webcam
4967,1021,2025-12-22,781.96,Monitor
4968,1021,2025-10-05,236.44,Monitor
4969,1021,2025-08-09,477.26,Monitor
4970,1022,2025-04-05,153.54,Mouse
4971,1022,2025-03-12,729.44,Mouse
4972,1022,2025-02-03,455.21,Webcam
4973,1022,2025-03-01,567.65,Webcam
4974,1022,2025-03-26,15.62,Webcam
4975,1024,2025-03-23,360.08,Tablet
4976,1024,2025-01-18,975.24,Monitor
4977,1024,2025-02-10,29.28,Headphones
4978,1024,2025-07-28,216.52,Monitor
4979,1024,2025-07-05,301.85,Mouse
4980,1024,2025-06-05,33.44,Webcam
4981,1025,2025-02-03,332.43,Charger
4982,1025,2025-01-28,741.63,Headphones
4983,1025,2025-11-21,621.38,Speaker
4984,1025,2025-08-24,857.84,Phone
4985,1025,2025-12-01,83.68,Tablet
4986,1025,2025-12-20,332.23,Speaker
4987,1026,2025-09-22,475.17,Laptop
4988,1026,2025-10-06,783.42,Webcam
4989,1026,2025-03-03,690.92,Speaker
4990,1026,2025-08-06,257.35,Webcam
4991,1026,2025-11-13,68.72,Laptop
4992,1026,2025-03-28,643.23,Monitor
4993,1026,2025-06-07,542.52,Speaker
4994,1026,2025-02-21,924.37,Phone
4995,1026,2025-02-09,477.12,Phone
4996,1027,2025-10-10,977.41,Webcam
4997,1027,2025-12-12,826.07,Tablet
4998,1027,2025-05-03,593.91,Headphones
4999,1027,2025-05-14,566.22,Speaker
5000,1027,2025-04-17,252.77,Charger
5001,1028,2025-12-29,268.11,Charger
5002,1028,2025-08-21,819.14,Laptop
5003,1028,2025-10-21,149.06,Phone
5004,1028,2025-11-01,872.02,Mouse
5005,1028,2025-04-29,957.63,Mouse
5006,1028,2025-10-31,906.05,Speaker
5007,1028,2025-10-25,749.8,Headphones
5008,1028,2025-08-07,192.3,Speaker
5009,1028,2025-03-09,235.41,Mouse
5010,1028,2025-05-13,339.68,Monitor
5011,1029,2025-06-16,607.58,Laptop
5012,1029,2026-01-12,148.87,Webcam
5013,1029,2025-05-13,433.06,Speaker
5014,1029,2025-09-22,800.12,Charger
5015,1031,2025-02-22,379.74,Webcam
5016,1031,2025-01-19,995.7,Charger
5017,1031,2025-10-13,874.35,Mouse
5018,1031,2026-01-17,792.24,Speaker
5019,1031,2025-07-04,289.82,Mouse
5020,1031,2025-10-20,638.03,Phone
5021,1031,2025-12-19,569.65,Charger
5022,1031,2025-01-19,782.78,Charger
5023,1032,2025-11-13,800.61,Phone
5024,1032,2025-04-30,578.19,Speaker
5025,1033,2025-05-18,653.67,Headphones
5026,1033,2025-10-16,754.39,Webcam
5027,1033,2025-06-05,819.58,Speaker
5028,1033,2025-11-19,456.78,Tablet
5029,1033,2025-05-19,653.94,Phone
5030,1033,2025-12-14,189.86,Mouse
5031,1033,2025-02-03,459.51,Webcam
5032,1033,2025-06-25,890.5,Webcam
5033,1033,2025-12-12,578.99,Laptop
5034,1034,2025-06-09,829.94,Laptop
5035,1034,2025-04-26,18.45,Mouse
5036,1034,2025-02-14,432.88,Monitor
5037,1034,2025-12-15,857.02,Mouse
5038,1034,2025-06-10,537.04,Headphones
5039,1034,2025-06-02,772.23,Mouse
5040,1034,2025-12-01,894.31,Tablet
5041,1034,2025-10-04,196.96,Tablet
5042,1034,2025-10-02,214.08,Tablet
5043,1035,2025-12-10,35.96,Laptop
5044,1036,2025-12-28,544.68,Phone
5045,1036,2026-01-14,334.19,Mouse
5046,1037,2025-01-18,661.59,Headphones
5047,1037,2025-06-30,309.9,Webcam
5048,1037,2025-05-16,991.09,Headphones
5049,1038,2025-06-12,774.62,Laptop
5050,1038,2025-11-13,145.94,Speaker
5051,1038,2025-12-19,131.88,Webcam
5052,1040,2025-04-26,868.86,Headphones
5053,1040,2025-09-01,386.61,Speaker
5054,1040,2025-02-02,444.16,Headphones
5055,1040,2025-08-31,213.58,Webcam
5056,1040,2025-06-01,594.32,Phone
5057,1040,2025-08-11,101.92,Tablet
5058,1040,2025-03-30,511.64,Charger
5059,1041,2025-06-20,171.25,Headphones
5060,1042,2025-04-02,941.29,Mouse
5061,1043,2025-08-08,420.98,Headphones
5062,1043,2025-06-05,985.3,Charger
5063,1043,2025-10-10,366.26,Monitor
5064,1043,2025-08-12,513.65,Speaker
5065,1043,2025-06-15,25.98,Webcam
5066,1044,2025-06-09,406.31,Phone
5067,1044,2025-07-05,361.13,Monitor
5068,1044,2025-01-23,838.17,Webcam
5069,1044,2025-04-13,946.48,Monitor
5070,1044,2025-06-25,237.07,Phone
5071,1044,2025-08-09,653.93,Webcam
5072,1045,2025-12-12,25.69,Monitor
5073,1045,2025-08-13,732.33,Mouse
5074,1045,2025-07-09,54.92,Headphones
5075,1045,2026-01-17,185.58,Laptop
5076,1045,2025-09-16,136.67,Tablet
5077,1045,2025-07-14,148.82,Speaker
5078,1045,2025-08-30,764.66,Laptop
5079,1046,2025-05-31,804.36,Monitor
5080,1046,2025-06-02,377.99,Webcam
5081,1046,2025-08-22,825.02,Webcam
5082,1046,2025-03-25,180.7,Charger
5083,1046,2025-07-02,965.65,Tablet
5084,1046,2025-02-15,371.42,Phone
5085,1046,2025-07-03,788.69,Laptop
5086,1046,2025-06-05,502.58,Monitor
5087,1046,2025-09-28,409.62,Mouse
5088,1047,2025-04-14,625.69,Laptop
5089,1047,2025-01-26,785.44,Mouse
5090,1047,2025-02-18,38.21,Speaker
5091,1047,2025-06-24,43.88,Tablet
5092,1048,2025-10-01,56.03,Webcam
5093,1048,2026-01-14,764.88,Charger
5094,1048,2025-07-03,178.04,Phone
5095,1048,2026-01-05,24.79,Headphones
5096,1048,2025-07-28,101.2,Phone
5097,1048,2025-08-10,121.29,Speaker
5098,1049,2025-12-03,983.54,Charger
5099,1049,2025-06-06,446.01,Laptop
5100,1049,2025-05-08,318.32,Speaker
5101,1049,2025-02-15,900.55,Monitor
5102,1049,2025-11-26,136.92,Charger
5103,1049,2025-10-23,371.93,Phone
5104,1049,2026-01-11,483.01,Headphones
5105,1050,2025-08-15,227.12,Tablet
5106,1050,2025-12-26,807.39,Tablet
5107,1051,2025-12-28,662.62,Phone
5108,1051,2025-10-31,720.1,Monitor
5109,1051,2025-05-30,888.05,Phone
5110,1052,2025-07-23,233.96,Tablet
5111,1052,2026-01-08,732.73,Monitor
5112,1052,2025-03-02,335.34,Speaker
5113,1053,2025-07-15,594.88,Charger
5114,1053,2025-05-04,581.4,Monitor
5115,1053,2025-02-20,762.29,Tablet
5116,1053,2025-10-18,334.66,Mouse
5117,1053,2025-07-15,664.59,Laptop
5118,1053,2025-06-07,750.46,Webcam
5119,1053,2025-03-26,635.56,Headphones
5120,1053,2025-02-14,979.74,Laptop
5121,1053,2025-08-04,151.52,Laptop
5122,1053,2025-11-05,837.03,Headphones
5123,1054,2025-09-11,402.8,Laptop
5124,1054,2025-03-11,576.37,Speaker
5125,1055,2025-02-20,195.87,Webcam
5126,1055,2025-10-05,457.58,Headphones
5127,1055,2025-06-14,458.66,Monitor
5128,1055,2025-03-09,550.42,Phone
5129,1055,2025-04-25,747.51,Charger
5130,1056,2025-03-18,343.88,Tablet
5131,1056,2025-08-26,262.73,Speaker
5132,1056,2025-07-11,774.29,Speaker
5133,1056,2025-07-24,666.62,Mouse
5134,1056,2025-02-14,765.64,Monitor
5135,1057,2025-02-06,784.13,Webcam
5136,1058,2025-10-03,35.16,Charger
5137,1058,2026-01-17,134.97,Headphones
5138,1058,2025-12-07,975.34,Phone
5139,1058,2025-10-08,129.07,Monitor
5140,1058,2025-06-01,135.04,Mouse
5141,1058,2025-12-19,313.96,Webcam
5142,1058,2025-02-25,557.77,Phone
5143,1058,2025-08-08,966.63,Charger
5144,1058,2025-09-24,190.79,Charger
5145,1058,2025-06-03,202.93,Headphones
5146,1060,2025-11-19,736.08,Mouse
5147,1060,2025-02-03,530.32,Tablet
5148,1060,2025-06-26,567.25,Charger
5149,1061,2025-07-22,56.53,Charger
5150,1061,2025-01-19,369.03,Headphones
5151,1061,2025-08-17,696.76,Charger
5152,1061,2025-03-05,175.09,Tablet
5153,1061,2025-12-02,109.14,Tablet
5154,1061,2025-07-18,638.56,Headphones
5155,1061,2025-01-18,844.81,Tablet
5156,1061,2025-08-16,545.41,Webcam
5157,1062,2025-12-27,285.64,Webcam
5158,1062,2025-02-05,303.53,Charger
5159,1062,2025-09-06,972.29,Speaker
5160,1063,2025-04-08,328.7,Monitor
5161,1063,2025-10-02,10.35,Monitor
5162,1063,2025-05-23,711.26,Monitor
5163,1063,2025-04-28,216.67,Phone
5164,1063,2025-02-06,68.63,Webcam
5165,1063,2025-03-21,148.9,Speaker
5166,1063,2025-11-16,824.22,Headphones
5167,1064,2025-04-29,788.45,Webcam
5168,1064,2025-11-30,397.09,Headphones
5169,1064,2026-01-16,256.09,Mouse
5170,1064,2025-07-21,79.83,Monitor
5171,1064,2025-12-20,149.04,Webcam
5172,1064,2025-08-29,132.24,Tablet
5173,1065,2025-12-08,448.95,Monitor
5174,1065,2025-12-08,762.98,Laptop
5175,1065,2025-04-30,640.39,Charger
5176,1066,2025-02-08,529.0,Speaker
5177,1066,2025-07-14,239.86,Speaker
5178,1066,2025-09-13,305.83,Phone
5179,1066,2025-12-17,545.85,Speaker
5180,1067,2025-07-26,79.7,Mouse
5181,1067,2025-03-17,876.48,Laptop
5182,1068,2025-04-23,839.6,Monitor
5183,1068,2025-07-02,121.71,Speaker
5184,1068,2025-02-19,431.65,Tablet
5185,1068,2026-01-16,877.48,Speaker
5186,1068,2025-02-13,760.87,Headphones
5187,1068,2025-12-28,527.61,Phone
5188,1069,2025-08-04,960.14,Mouse
5189,1069,2025-12-24,248.88,Speaker
5190,1069,2025-10-27,838.34,Webcam
5191,1069,2025-01-20,427.46,Phone
5192,1069,2025-02-11,866.52,Monitor
5193,1069,2025-11-01,843.9,Monitor
5194,1069,2025-12-29,905.68,Charger
5195,1069,2025-09-09,335.54,Monitor
5196,1069,2025-10-20,983.26,Phone
5197,1071,2025-02-08,715.96,Speaker
5198,1072,2025-03-01,589.93,Headphones
5199,1072,2025-06-03,595.17,Monitor
5200,1072,2025-01-18,112.93,Speaker
5201,1073,2025-03-24,610.57,Webcam
5202,1073,2025-07-06,610.56,Webcam
5203,1073,2025-11-09,51.68,Phone
5204,1073,2026-01-12,594.44,Phone
5205,1073,2025-09-15,579.87,Phone
5206,1073,2025-05-13,967.06,Headphones
5207,1073,2025-06-23,367.09,Webcam
5208,1073,2025-10-18,817.13,Laptop
5209,1074,2025-02-02,650.62,Speaker
5210,1074,2025-05-30,853.71,Charger
5211,1074,2025-12-30,46.9,Webcam
5212,1074,2025-11-29,815.03,Webcam
5213,1074,2025-06-28,672.38,Laptop
5214,1075,2025-11-14,571.26,Laptop
5215,1075,2025-03-08,634.22,Mouse
5216,1075,2025-02-03,107.82,Webcam
5217,1077,2025-07-06,850.94,Monitor
5218,1077,2025-11-10,365.0,Mouse
5219,1077,2025-08-23,358.85,Headphones
5220,1077,2025-09-24,283.87,Laptop
5221,1077,2025-01-19,331.27,Monitor
5222,1077,2025-07-14,770.93,Tablet
5223,1077,2025-12-15,217.29,Charger
5224,1078,2025-11-17,328.66,Webcam
5225,1078,2025-09-14,755.79,Tablet
5226,1078,2025-12-05,846.27,Phone
5227,1078,2025-08-16,340.43,Charger
5228,1078,2025-05-12,742.46,Headphones
5229,1078,2025-10-05,323.37,Monitor
5230,1078,2025-09-30,110.29,Phone
5231,1078,2025-04-11,643.06,Mouse
5232,1078,2025-09-11,625.58,Tablet
5233,1078,2025-11-05,759.0,Headphones
5234,1079,2025-07-28,857.42,Speaker
5235,1079,2025-06-18,357.09,Speaker
5236,1079,2025-08-09,896.82,Tablet
5237,1079,2025-04-06,959.72,Mouse
5238,1081,2025-11-27,197.89,Monitor
5239,1082,2025-05-24,703.23,Charger
5240,1082,2025-08-23,303.24,Charger
5241,1082,2025-04-30,542.87,Webcam
5242,1082,2025-07-09,622.29,Phone
5243,1082,2025-03-01,206.63,Phone
5244,1082,2025-11-20,714.55,Webcam
5245,1082,2025-02-19,853.69,Tablet
5246,1082,2025-09-03,718.73,Charger
5247,1083,2025-10-08,402.79,Webcam
5248,1083,2025-12-22,112.59,Monitor
5249,1083,2026-01-10,617.29,Phone
5250,1083,2025-04-01,330.6,Headphones
5251,1083,2025-05-11,448.11,Laptop
5252,1084,2025-08-03,552.51,Monitor
5253,1084,2025-04-06,36.1,Headphones
5254,1084,2025-10-27,834.92,Headphones
5255,1085,2025-10-28,876.38,Speaker
5256,1085,2025-01-31,651.42,Headphones
5257,1085,2025-05-19,153.92,Monitor
5258,1086,2025-03-15,964.94,Speaker
5259,1086,2025-10-28,839.55,Webcam
5260,1086,2025-09-18,560.76,Headphones
5261,1087,2025-06-14,194.2,Charger
5262,1087,2025-09-25,585.09,Webcam
5263,1087,2025-02-12,749.32,Mouse
5264,1087,2025-12-10,805.39,Monitor
5265,1087,2025-04-06,437.0,Mouse
5266,1087,2025-12-06,901.05,Headphones
5267,1088,2025-11-03,544.97,Phone
5268,1088,2025-05-29,958.51,Tablet
5269,1088,2025-04-21,328.45,Headphones
5270,1088,2025-10-24,797.6,Tablet
5271,1088,2025-11-15,105.66,Charger
5272,1089,2025-05-21,540.01,Phone
5273,1089,2025-12-20,809.18,Headphones
5274,1089,2025-06-20,722.91,Charger
5275,1089,2025-02-09,822.87,Headphones
5276,1089,2025-11-29,470.63,Laptop
5277,1089,2026-01-11,465.64,Speaker
5278,1089,2025-06-26,502.16,Webcam
5279,1090,2025-10-17,953.63,Tablet
5280,1092,2025-06-30,453.98,Laptop
5281,1092,2025-08-21,896.88,Speaker
5282,1092,2025-04-08,868.9,Tablet
5283,1092,2025-10-07,73.14,Mouse
5284,1092,2025-04-20,74.76,Monitor
5285,1092,2025-05-07,574.06,Laptop
5286,1092,2025-08-04,716.48,Speaker
5287,1092,2025-03-30,436.52,Tablet
5288,1093,2025-05-09,223.05,Speaker
5289,1093,2025-03-23,316.73,Monitor
5290,1093,2025-11-06,337.23,Charger
5291,1093,2025-06-07,946.81,Tablet
5292,1093,2026-01-12,768.64,Mouse
5293,1093,2025-12-16,864.11,Laptop
5294,1094,2026-01-07,591.57,Phone
5295,1094,2025-05-07,617.71,Charger
5296,1094,2025-12-18,419.57,Tablet
5297,1094,2025-08-03,735.23,Headphones
5298,1094,2025-05-19,979.98,Tablet
5299,1095,2025-02-06,39.19,Speaker
5300,1095,2025-11-12,731.38,Mouse
5301,1096,2025-12-23,103.22,Webcam
5302,1097,2025-10-02,703.92,Webcam
5303,1097,2025-06-11,806.86,Webcam
5304,1097,2025-07-01,699.45,Tablet
5305,1097,2025-05-20,848.79,Tablet
5306,1097,2025-02-16,104.9,Mouse
5307,1097,2026-01-04,185.64,Webcam
5308,1097,2025-03-17,880.27,Speaker
5309,1097,2025-08-12,99.83,Monitor
5310,1097,2025-10-11,407.41,Headphones
5311,1098,2025-01-21,985.78,Phone
5312,1098,2025-01-30,346.32,Phone
5313,1098,2025-12-26,528.63,Laptop
5314,1098,2025-12-14,880.51,Laptop
5315,1098,2025-05-16,982.19,Laptop
5316,1099,2025-02-02,379.42,Tablet
5317,1099,2025-09-05,11.71,Charger
5318,1099,2025-05-11,22.45,Mouse
5319,1099,2025-01-28,390.91,Laptop
5320,1099,2026-01-15,802.04,Mouse
5321,1099,2025-02-24,860.77,Tablet
5322,1099,2025-04-13,196.6,Speaker
5323,1099,2026-01-01,189.97,Headphones
5324,1099,2026-01-17,976.02,Phone
5325,1099,2025-07-06,873.38,Tablet
5326,1100,2025-07-22,380.43,Tablet
5327,1100,2025-06-08,892.52,Tablet
5328,1100,2025-08-25,512.26,Speaker
5329,1100,2025-09-26,40.04,Laptop
5330,1100,2025-03-11,935.94,Phone
5331,1100,2025-11-08,809.13,Monitor
5332,1100,2025-10-02,935.68,Phone
5333,1100,2025-06-29,355.56,Tablet
5334,1100,2025-06-09,594.21,Tablet
5335,1101,2025-09-26,502.67,Tablet
5336,1102,2025-03-23,920.8,Speaker
5337,1102,2025-09-06,929.32,Charger
5338,1102,2025-06-15,833.45,Speaker
5339,1102,2025-09-02,944.57,Charger
5340,1102,2025-12-20,74.81,Headphones
5341,1102,2025-05-13,372.04,Headphones
5342,1102,2025-12-20,960.78,Speaker
5343,1102,2025-04-26,196.46,Webcam
5344,1102,2025-12-28,51.17,Laptop
5345,1103,2025-09-24,812.8,Phone
5346,1103,2026-01-18,849.3,Phone
5347,1103,2025-12-10,666.88,Mouse
5348,1103,2025-09-19,912.75,Charger
5349,1103,2025-03-25,526.46,Charger
5350,1103,2025-12-13,646.77,Monitor
5351,1103,2025-11-01,327.11,Speaker
5352,1104,2025-12-13,300.03,Webcam
5353,1104,2025-05-28,410.2,Webcam
5354,1104,2026-01-05,91.57,Laptop
5355,1105,2025-01-21,113.28,Charger
5356,1105,2025-11-28,489.26,Webcam
5357,1105,2025-10-22,312.84,Monitor
5358,1105,2025-10-01,773.13,Laptop
5359,1105,2025-02-05,532.27,Laptop
5360,1105,2025-05-14,196.2,Phone
5361,1105,2025-05-21,314.05,Charger
5362,1106,2025-11-29,644.52,Laptop
5363,1106,2025-12-24,538.95,Laptop
5364,1107,2025-12-15,391.05,Mouse
5365,1107,2025-05-25,964.55,Laptop
5366,1107,2025-11-06,825.51,Webcam
5367,1107,2025-09-26,741.15,Charger
5368,1108,2025-08-21,513.66,Laptop
5369,1108,2025-06-28,911.56,Phone
5370,1109,2025-12-09,950.46,Headphones
5371,1109,2025-05-22,715.29,Phone
5372,1109,2025-06-27,716.89,Speaker
5373,1109,2025-02-03,214.67,Laptop
5374,1109,2025-11-19,54.78,Webcam
5375,1109,2025-02-23,213.97,Phone
5376,1109,2025-06-29,925.07,Laptop
5377,1110,2025-03-29,663.0,Mouse
5378,1110,2025-03-06,984.56,Webcam
5379,1110,2025-08-23,828.31,Mouse
5380,1111,2025-02-05,54.31,Tablet
5381,1111,2025-05-27,602.76,Monitor
5382,1111,2025-10-16,883.13,Webcam
5383,1111,2025-09-21,683.59,Monitor
5384,1111,2025-09-10,212.83,Monitor
5385,1111,2025-12-18,415.11,Laptop
5386,1112,2025-09-18,825.32,Webcam
5387,1112,2025-11-17,285.31,Headphones
5388,1112,2025-02-04,818.56,Speaker
5389,1112,2026-01-12,260.89,Laptop
5390,1112,2025-05-03,630.27,Webcam
5391,1112,2025-09-22,51.38,Speaker
5392,1113,2025-04-07,666.33,Headphones
5393,1113,2025-05-09,79.82,Phone
5394,1114,2025-10-09,167.33,Speaker
5395,1115,2025-04-02,191.52,Mouse
5396,1116,2025-12-12,944.07,Monitor
5397,1116,2025-03-02,955.76,Webcam
5398,1117,2025-04-29,540.9,Monitor
5399,1117,2025-03-05,856.95,Monitor
5400,1117,2025-01-29,117.41,Phone
5401,1117,2025-04-06,400.96,Headphones
5402,1118,2025-02-03,559.2,Speaker
5403,1119,2025-08-29,135.84,Laptop
5404,1119,2026-01-08,474.27,Phone
5405,1119,2025-05-02,120.29,Laptop
5406,1120,2025-02-13,192.63,Phone
5407,1120,2025-05-07,249.33,Mouse
5408,1120,2025-08-30,443.73,Tablet
5409,1120,2025-02-21,447.6,Laptop
5410,1120,2025-04-09,666.25,Charger
5411,1120,2025-09-14,769.12,Headphones
5412,1121,2025-12-06,727.66,Laptop
5413,1121,2025-08-31,573.11,Tablet
5414,1121,2025-03-22,347.93,Monitor
5415,1122,2025-08-05,356.62,Headphones
5416,1122,2025-05-24,902.55,Laptop
5417,1123,2025-10-19,386.23,Monitor
5418,1123,2025-12-16,510.54,Headphones
5419,1123,2025-09-26,192.12,Headphones
5420,1123,2025-05-22,342.53,Speaker
5421,1123,2025-02-03,35.06,Speaker
5422,1123,2025-06-08,78.69,Headphones
5423,1124,2025-01-30,533.27,Charger
5424,1124,2025-06-16,169.49,Charger
5425,1124,2025-07-15,964.53,Laptop
5426,1124,2025-12-28,120.25,Phone
5427,1124,2025-01-22,415.82,Charger
5428,1124,2025-01-25,27.29,Tablet
5429,1124,2025-08-15,726.84,Mouse
5430,1124,2025-12-29,376.67,Tablet
5431,1124,2025-12-16,902.5,Headphones
5432,1126,2025-08-06,13.39,Laptop
5433,1126,2025-02-13,815.57,Phone
5434,1126,2025-06-08,858.43,Laptop
5435,1126,2025-06-27,568.0,Phone
5436,1126,2025-04-24,29.6,Speaker
5437,1126,2025-10-29,937.84,Webcam
5438,1127,2025-12-11,688.75,Webcam
5439,1127,2026-01-17,455.17,Headphones
5440,1127,2025-07-20,686.05,Monitor
5441,1127,2025-09-29,351.69,Speaker
5442,1128,2025-03-04,920.23,Tablet
5443,1128,2025-12-09,459.68,Mouse
5444,1128,2025-04-07,231.6,Monitor
5445,1128,2025-03-29,640.72,Tablet
5446,1128,2025-11-24,963.41,Webcam
5447,1128,2025-05-10,999.15,Tablet
5448,1128,2025-09-30,374.4,Laptop
5449,1129,2026-01-14,807.4,Tablet
5450,1129,2025-11-29,52.13,Webcam
5451,1129,2025-01-25,713.58,Charger
5452,1129,2025-06-10,853.17,Webcam
5453,1129,2025-07-04,133.77,Mouse
5454,1129,2025-10-22,216.02,Webcam
5455,1130,2025-11-23,884.79,Speaker
5456,1130,2025-05-20,736.11,Speaker
5457,1130,2025-01-20,952.85,Speaker
5458,1130,2025-03-17,369.92,Mouse
5459,1130,2025-05-25,668.72,Tablet
5460,1130,2025-01-22,726.07,Headphones
5461,1131,2025-07-17,224.79,Headphones
5462,1131,2026-01-13,572.7,Mouse
5463,1131,2025-05-12,901.35,Charger
5464,1132,2025-03-06,381.07,Monitor
5465,1132,2025-06-10,221.38,Tablet
5466,1132,2025-05-02,475.53,Charger
5467,1132,2025-07-05,655.72,Monitor
5468,1132,2025-04-21,905.63,Webcam
5469,1132,2025-08-19,60.38,Headphones
5470,1133,2025-09-04,556.18,Tablet
5471,1133,2025-09-17,663.05,Charger
5472,1133,2025-08-15,437.47,Speaker
5473,1133,2025-10-30,33.6,Headphones
5474,1133,2025-04-08,392.11,Tablet
5475,1134,2025-04-09,983.8,Tablet
5476,1134,2025-05-19,644.83,Headphones
5477,1134,2025-02-21,159.18,Mouse
5478,1134,2025-01-23,473.89,Tablet
5479,1135,2025-11-02,323.05,Charger
5480,1135,2025-08-15,737.96,Laptop
5481,1135,2025-09-10,679.43,Phone
5482,1135,2025-12-10,94.89,Laptop
5483,1135,2025-11-21,920.97,Laptop
5484,1135,2025-02-03,338.19,Phone
5485,1135,2025-04-17,320.16,Mouse
5486,1136,2025-09-08,746.15,Headphones
5487,1136,2026-01-04,314.49,Phone
5488,1136,2025-08-09,369.31,Mouse
5489,1137,2025-06-18,905.47,Speaker
5490,1137,2025-04-20,480.34,Tablet
5491,1137,2025-01-23,296.84,Phone
5492,1137,2025-12-08,804.31,Tablet
5493,1137,2025-03-01,901.81,Tablet
5494,1137,2025-06-07,171.62,Phone
5495,1137,2025-06-29,536.98,Webcam
5496,1137,2025-11-04,166.7,Charger
5497,1137,2025-08-31,632.4,Monitor
5498,1138,2025-01-20,976.36,Tablet
5499,1138,2025-12-12,910.09,Phone
5500,1138,2025-05-20,758.12,Tablet
5501,1139,2026-01-09,478.08,Speaker
5502,1139,2025-12-17,178.75,Laptop
5503,1139,2025-05-20,590.31,Mouse
5504,1139,2025-12-04,931.63,Tablet
5505,1139,2025-08-11,452.86,Laptop
5506,1139,2025-11-03,970.59,Mouse
5507,1140,2025-08-04,987.94,Mouse
5508,1140,2025-05-16,78.2,Tablet
5509,1140,2025-08-13,627.79,Webcam
5510,1140,2025-03-27,917.6,Phone
5511,1140,2025-03-21,992.97,Headphones
5512,1141,2025-10-14,327.49,Phone
5513,1141,2025-10-27,361.16,Speaker
5514,1141,2025-05-12,25.8,Webcam
5515,1141,2025-06-11,991.78,Mouse
5516,1141,2025-04-12,852.74,Headphones
5517,1141,2025-11-22,518.29,Charger
5518,1141,2025-06-20,905.24,Laptop
5519,1141,2025-11-08,494.71,Tablet
5520,1141,2025-03-24,61.49,Headphones
5521,1141,2025-01-21,703.51,Monitor
5522,1142,2025-09-29,996.19,Mouse
5523,1142,2025-07-04,50.05,Speaker
5524,1142,2025-05-27,662.82,Mouse
5525,1142,2025-03-27,555.76,Tablet
5526,1142,2025-04-21,873.32,Laptop
5527,1142,2026-01-12,737.29,Laptop
5528,1142,2025-12-09,309.68,Headphones
5529,1143,2025-09-29,386.22,Laptop
5530,1143,2025-03-05,698.34,Monitor
5531,1143,2025-12-16,699.89,Mouse
5532,1143,2025-02-28,373.13,Charger
5533,1143,2025-11-07,855.09,Webcam
5534,1143,2025-11-22,413.12,Mouse
5535,1143,2025-04-10,141.02,Mouse
5536,1144,2025-10-20,556.86,Speaker
5537,1144,2025-01-20,288.82,Phone
5538,1144,2025-03-28,914.22,Phone
5539,1144,2025-10-01,807.42,Mouse
5540,1145,2025-03-20,896.86,Laptop
5541,1145,2025-09-11,812.65,Phone
5542,1145,2025-08-28,250.53,Tablet
5543,1145,2025-09-16,379.65,Tablet
5544,1145,2025-02-11,576.19,Headphones
5545,1145,2025-12-15,781.09,Phone
5546,1145,2025-07-28,19.55,Laptop
5547,1145,2025-03-04,739.14,Mouse
5548,1146,2025-08-15,79.68,Speaker
5549,1146,2025-07-15,634.69,Mouse
5550,1146,2025-01-19,788.27,Phone
5551,1146,2025-05-31,616.44,Laptop
5552,1146,2025-02-21,707.11,Headphones
5553,1146,2025-02-25,918.82,Phone
5554,1146,2025-02-28,193.72,Phone
5555,1146,2025-06-26,13.8,Headphones
5556,1146,2025-08-02,218.12,Phone
5557,1147,2025-05-19,327.2,Charger
5558,1147,2025-08-07,200.71,Headphones
5559,1147,2025-10-12,711.16,Speaker
5560,1147,2025-12-06,609.4,Tablet
5561,1147,2025-08-14,474.52,Laptop
5562,1147,2025-07-06,448.09,Charger
5563,1149,2026-01-09,184.09,Headphones
5564,1150,2025-03-20,152.45,Charger
5565,1150,2025-09-27,579.68,Headphones
5566,1150,2025-06-06,702.97,Phone
5567,1150,2025-07-26,196.32,Mouse
5568,1151,2025-10-04,170.8,Monitor
5569,1151,2025-10-19,605.54,Charger
5570,1151,2025-10-27,644.19,Headphones
5571,1152,2025-12-19,258.44,Mouse
5572,1152,2025-07-12,738.09,Charger
5573,1152,2025-10-25,16.91,Monitor
5574,1152,2025-09-30,288.63,Tablet
5575,1152,2025-11-28,74.01,Phone
5576,1152,2025-02-11,498.98,Laptop
5577,1153,2026-01-11,758.09,Webcam
5578,1153,2025-08-28,89.15,Speaker
5579,1153,2025-03-15,21.88,Phone
5580,1153,2025-12-16,325.21,Mouse
5581,1153,2025-07-12,701.1,Phone
5582,1153,2025-03-22,573.51,Mouse
5583,1153,2025-07-23,456.28,Speaker
5584,1153,2025-05-19,376.74,Monitor
5585,1153,2025-12-06,765.78,Mouse
5586,1154,2025-12-01,999.11,Headphones
5587,1154,2025-09-15,235.83,Tablet
5588,1154,2026-01-17,52.27,Mouse
5589,1154,2025-03-09,415.64,Speaker
5590,1154,2025-10-09,331.12,Webcam
5591,1154,2025-07-11,468.99,Speaker
5592,1154,2025-01-18,457.65,Tablet
5593,1154,2025-03-24,740.48,Webcam
5594,1155,2025-04-06,950.14,Tablet
5595,1155,2025-05-05,790.38,Webcam
5596,1155,2025-03-05,989.86,Tablet
5597,1155,2025-12-23,405.42,Laptop
5598,1155,2026-01-11,440.04,Tablet
5599,1155,2025-03-08,159.53,Tablet
5600,1156,2025-12-30,103.9,Webcam
5601,1156,2025-02-08,477.57,Monitor
5602,1156,2025-02-19,343.94,Laptop
5603,1157,2025-04-30,398.31,Monitor
5604,1157,2026-01-14,831.48,Charger
5605,1157,2025-09-14,284.89,Headphones
5606,1157,2025-10-12,491.67,Speaker
5607,1157,2025-12-22,438.53,Tablet
5608,1157,2025-11-28,492.47,Laptop
5609,1157,2025-10-18,359.84,Phone
5610,1158,2025-02-11,953.42,Speaker
5611,1159,2026-01-09,296.43,Headphones
5612,1159,2026-01-03,523.58,Speaker
5613,1159,2025-08-17,805.59,Webcam
5614,1159,2025-10-05,495.6,Monitor
5615,1159,2025-10-01,635.19,Mouse
5616,1159,2025-09-21,634.15,Webcam
5617,1159,2025-10-14,615.51,Tablet
5618,1159,2025-10-13,534.34,Mouse
5619,1159,2025-03-05,727.51,Tablet
5620,1160,2025-09-07,569.67,Speaker
5621,1160,2026-01-11,72.49,Speaker
5622,1160,2025-04-29,376.31,Headphones
5623,1160,2025-10-06,217.36,Mouse
5624,1160,2025-03-13,691.4,Mouse
5625,1161,2025-11-25,916.58,Speaker
5626,1161,2025-03-06,788.94,Charger
5627,1161,2025-06-27,347.35,Mouse
5628,1161,2025-05-29,701.35,Tablet
5629,1161,2025-12-24,965.82,Headphones
5630,1161,2025-09-29,711.02,Headphones
5631,1161,2025-02-24,815.19,Headphones
5632,1161,2025-06-03,493.7,Speaker
5633,1161,2025-03-29,891.65,Mouse
5634,1161,2025-12-12,515.85,Phone
5635,1162,2025-10-22,752.69,Mouse
5636,1162,2025-07-21,90.49,Speaker
5637,1162,2025-06-19,468.06,Monitor
5638,1162,2025-12-08,76.26,Webcam
5639,1162,2025-06-16,779.66,Monitor
5640,1162,2025-06-11,714.79,Mouse
5641,1164,2025-01-19,254.12,Laptop
5642,1164,2026-01-13,333.94,Speaker
5643,1164,2025-02-08,566.26,Monitor
5644,1164,2025-10-06,957.1,Speaker
5645,1164,2025-08-23,985.43,Charger
5646,1164,2025-12-26,208.06,Headphones
5647,1164,2025-06-28,958.15,Phone
5648,1165,2025-07-05,736.09,Headphones
5649,1165,2025-06-12,528.27,Charger
5650,1165,2025-08-19,289.63,Webcam
5651,1165,2025-08-29,428.76,Laptop
5652,1166,2025-04-10,268.38,Tablet
5653,1166,2025-10-26,303.14,Laptop
5654,1166,2025-09-25,655.12,Webcam
5655,1166,2025-09-13,87.92,Speaker
5656,1167,2026-01-15,452.22,Webcam
5657,1167,2025-02-19,559.71,Speaker
5658,1168,2025-09-24,116.67,Monitor
5659,1168,2025-11-11,461.38,Headphones
5660,1168,2026-01-11,709.23,Speaker
5661,1168,2025-02-14,291.92,Tablet
5662,1168,2025-05-07,329.58,Laptop
5663,1169,2025-11-30,61.9,Mouse
5664,1170,2025-02-01,482.33,Tablet
5665,1170,2025-12-29,322.12,Webcam
5666,1170,2025-08-19,554.63,Webcam
5667,1170,2026-01-02,649.87,Webcam
5668,1170,2025-04-07,186.22,Laptop
5669,1170,2025-12-29,647.18,Mouse
5670,1170,2025-01-28,569.96,Laptop
5671,1170,2025-04-18,884.43,Laptop
5672,1171,2026-01-06,501.71,Phone
5673,1171,2025-08-04,148.51,Phone
5674,1172,2025-04-28,171.75,Headphones
5675,1172,2025-09-01,100.94,Mouse
5676,1172,2025-06-10,972.6,Mouse
5677,1172,2025-03-14,90.35,Mouse
5678,1172,2025-02-16,753.34,Speaker
5679,1172,2025-12-01,406.55,Laptop
5680,1172,2025-12-27,529.43,Webcam
5681,1172,2025-06-20,697.64,Charger
5682,1173,2025-01-23,816.22,Speaker
5683,1174,2025-02-07,124.1,Monitor
5684,1174,2025-06-15,235.12,Laptop
5685,1175,2025-12-07,686.69,Laptop
5686,1175,2026-01-07,61.96,Headphones
5687,1175,2025-06-19,483.91,Laptop
5688,1175,2026-01-07,226.81,Headphones
5689,1175,2025-06-10,950.47,Tablet
5690,1175,2026-01-02,505.58,Mouse
5691,1175,2025-12-04,393.65,Webcam
5692,1175,2025-02-01,29.06,Monitor
5693,1175,2025-04-13,497.3,Webcam
5694,1175,2025-06-11,554.53,Laptop
5695,1176,2025-03-14,593.77,Headphones
5696,1176,2025-08-14,237.21,Speaker
5697,1176,2025-11-08,17.08,Phone
5698,1177,2025-05-30,882.83,Charger
5699,1177,2025-02-09,899.59,Tablet
5700,1177,2025-08-18,403.21,Tablet
5701,1177,2025-10-30,540.87,Monitor
5702,1177,2025-10-31,272.99,Mouse
5703,1177,2025-05-07,515.77,Tablet
5704,1177,2025-01-31,836.47,Monitor
5705,1177,2026-01-06,341.14,Mouse
5706,1177,2025-06-10,898.95,Webcam
5707,1178,2025-03-30,653.96,Speaker
5708,1180,2025-05-10,607.33,Charger
5709,1180,2025-10-26,772.32,Headphones
5710,1180,2025-10-07,192.98,Laptop
5711,1180,2025-08-13,393.58,Phone
5712,1180,2025-05-23,745.39,Headphones
5713,1180,2025-05-08,208.14,Monitor
5714,1180,2025-08-27,834.6,Headphones
5715,1181,2025-03-20,819.68,Mouse
5716,1181,2025-03-28,469.14,Headphones
5717,1181,2025-11-23,571.18,Monitor
5718,1181,2025-06-08,224.64,Laptop
5719,1181,2025-06-25,316.8,Headphones
5720,1181,2025-11-19,831.29,Mouse
5721,1181,2025-02-19,214.29,Webcam
5722,1181,2026-01-07,722.77,Speaker
5723,1181,2025-04-21,984.39,Tablet
5724,1182,2025-11-01,485.37,Monitor
5725,1182,2025-09-18,797.05,Headphones
5726,1182,2025-12-20,86.9,Phone
5727,1182,2025-10-15,885.57,Laptop
5728,1182,2025-12-28,623.08,Laptop
5729,1182,2025-08-09,947.32,Laptop
5730,1182,2025-05-15,310.41,Webcam
5731,1183,2025-09-21,961.6,Phone
5732,1183,2025-02-24,63.0,Headphones
5733,1183,2025-07-25,649.31,Webcam
5734,1183,2025-07-24,744.43,Mouse
5735,1183,2025-12-08,85.34,Webcam
5736,1183,2025-02-01,657.09,Monitor
5737,1183,2025-10-13,772.74,Phone
5738,1183,2025-12-31,309.03,Monitor
5739,1183,2025-08-23,462.36,Headphones
5740,1184,2025-09-26,920.21,Laptop
5741,1185,2025-02-22,182.84,Phone
5742,1185,2025-09-02,95.23,Headphones
5743,1185,2025-06-16,460.69,Charger
5744,1185,2025-09-09,280.4,Laptop
5745,1185,2025-10-10,705.85,Speaker
5746,1185,2025-12-16,72.65,Tablet
5747,1185,2025-10-05,223.32,Webcam
5748,1186,2025-09-15,383.65,Laptop
5749,1186,2025-08-14,502.45,Speaker
5750,1186,2025-06-06,418.3,Laptop
5751,1186,2025-04-08,580.99,Laptop
5752,1186,2025-08-10,660.04,Monitor
5753,1186,2025-11-08,712.8,Speaker
5754,1186,2025-12-08,210.67,Monitor
5755,1186,2025-10-08,34.17,Monitor
5756,1186,2026-01-05,963.56,Headphones
5757,1186,2025-05-01,242.47,Speaker
5758,1188,2025-07-05,53.68,Webcam
5759,1188,2026-01-03,563.35,Speaker
5760,1188,2025-12-09,794.04,Laptop
5761,1188,2025-09-19,293.65,Phone
5762,1188,2025-05-31,602.07,Speaker
5763,1188,2025-04-14,822.51,Charger
5764,1188,2025-04-17,172.26,Mouse
5765,1188,2025-12-31,728.94,Charger
5766,1188,2025-12-31,154.24,Mouse
5767,1188,2025-01-30,412.93,Webcam
5768,1189,2025-09-27,472.81,Mouse
5769,1189,2025-02-15,769.64,Tablet
5770,1189,2025-10-03,816.09,Speaker
5771,1189,2025-05-31,678.95,Webcam
5772,1189,2025-09-19,366.73,Webcam
5773,1190,2025-07-19,606.13,Tablet
5774,1191,2025-01-28,925.47,Speaker
5775,1191,2026-01-11,456.26,Charger
5776,1191,2025-04-25,863.18,Tablet
5777,1191,2025-11-30,890.84,Mouse
5778,1191,2025-10-29,511.29,Tablet
5779,1192,2025-06-09,348.23,Tablet
5780,1192,2025-09-27,852.59,Tablet
5781,1192,2025-09-22,977.46,Headphones
5782,1192,2025-07-19,826.44,Webcam
5783,1192,2025-11-05,90.93,Webcam
5784,1192,2025-06-13,881.92,Charger
5785,1192,2025-10-05,548.56,Charger
5786,1192,2025-10-08,112.78,Laptop
5787,1192,2026-01-15,262.17,Charger
5788,1193,2025-10-09,942.87,Headphones
5789,1193,2025-12-29,687.17,Mouse
5790,1193,2025-12-19,494.29,Mouse
5791,1193,2025-05-20,734.54,Mouse
5792,1193,2025-03-31,552.97,Webcam
5793,1193,2026-01-06,527.89,Webcam
5794,1193,2025-06-26,226.88,Mouse
5795,1193,2025-08-12,752.33,Phone
5796,1193,2026-01-15,233.56,Speaker
5797,1193,2025-04-27,164.14,Headphones
5798,1195,2025-06-08,801.94,Speaker
5799,1195,2025-10-11,152.91,Phone
5800,1195,2025-10-29,697.99,Monitor
5801,1195,2025-06-06,249.42,Webcam
5802,1195,2025-11-09,309.83,Headphones
5803,1195,2025-06-24,546.55,Phone
5804,1195,2025-12-15,952.04,Headphones
5805,1195,2025-03-05,33.27,Laptop
5806,1196,2025-03-23,129.86,Tablet
5807,1196,2025-05-02,829.38,Phone
5808,1196,2025-01-26,76.35,Speaker
5809,1196,2025-09-30,951.5,Webcam
5810,1197,2025-01-20,664.97,Laptop
5811,1197,2025-05-19,700.84,Monitor
5812,1197,2025-11-20,349.74,Mouse
5813,1197,2025-09-01,216.36,Webcam
5814,1197,2025-12-28,623.07,Speaker
5815,1198,2025-07-22,618.66,Laptop
5816,1198,2025-11-12,682.33,Laptop
5817,1198,2025-03-26,504.99,Mouse
5818,1198,2025-06-13,40.73,Speaker
5819,1198,2025-03-11,862.56,Webcam
5820,1198,2025-11-01,755.39,Phone
5821,1198,2025-06-02,428.47,Mouse
5822,1198,2025-06-06,949.63,Speaker
5823,1198,2025-05-08,994.69,Webcam
5824,1198,2025-06-30,48.28,Speaker
5825,1199,2025-02-28,480.12,Charger
5826,1200,2025-12-21,92.14,Phone
5827,1201,2025-01-22,386.05,Mouse
5828,1201,2025-12-02,248.96,Speaker
5829,1201,2025-04-29,44.0,Monitor
5830,1201,2025-04-15,557.1,Speaker
5831,1201,2025-10-29,224.39,Webcam
5832,1201,2025-08-21,104.0,Tablet
5833,1201,2025-03-02,597.49,Laptop
5834,1202,2025-03-25,449.99,Charger
5835,1202,2025-03-03,189.42,Monitor
5836,1202,2025-11-11,700.16,Webcam
5837,1202,2025-02-06,803.29,Charger
5838,1202,2025-09-19,657.17,Laptop
5839,1202,2025-04-24,260.67,Phone
5840,1202,2025-08-05,701.23,Speaker
5841,1202,2025-03-30,182.18,Speaker
5842,1203,2025-11-04,855.02,Laptop
5843,1203,2025-03-16,297.38,Mouse
5844,1203,2025-06-19,432.46,Tablet
5845,1203,2025-03-01,968.88,Phone
5846,1204,2025-10-29,487.32,Headphones
5847,1204,2025-12-08,15.64,Tablet
5848,1204,2025-04-06,774.74,Laptop
5849,1205,2025-11-10,190.85,Mouse
5850,1205,2025-07-02,866.91,Speaker
5851,1205,2025-06-18,236.45,Speaker
5852,1205,2025-09-15,810.33,Phone
5853,1206,2025-07-04,172.79,Tablet
5854,1207,2025-02-25,567.14,Speaker
5855,1207,2025-12-16,501.18,Webcam
5856,1207,2025-12-14,30.33,Charger
5857,1207,2025-01-28,898.71,Mouse
5858,1207,2025-09-11,638.48,Phone
5859,1207,2025-10-12,424.44,Laptop
5860,1207,2025-07-18,286.11,Charger
5861,1207,2025-07-31,705.03,Phone
5862,1207,2025-05-28,74.52,Monitor
5863,1208,2025-03-20,364.07,Webcam
5864,1208,2025-12-25,512.04,Headphones
5865,1208,2025-02-16,907.55,Tablet
5866,1208,2025-10-12,129.8,Tablet
5867,1208,2025-06-30,95.51,Tablet
5868,1208,2025-12-19,667.99,Speaker
5869,1208,2025-08-09,663.26,Charger
5870,1208,2025-05-14,379.58,Monitor
5871,1208,2025-04-04,483.1,Tablet
5872,1208,2025-11-12,586.3,Phone
5873,1209,2025-09-15,49.36,Headphones
5874,1209,2025-10-15,155.91,Tablet
5875,1209,2025-03-23,749.18,Webcam
5876,1209,2025-12-09,21.08,Laptop
5877,1209,2025-07-22,515.09,Laptop
5878,1209,2025-07-05,121.63,Monitor
5879,1209,2025-04-25,589.72,Laptop
5880,1209,2025-09-23,310.31,Tablet
5881,1210,2025-12-09,921.52,Speaker
5882,1210,2025-07-19,803.21,Headphones
5883,1210,2025-02-28,667.4,Speaker
5884,1210,2025-03-30,483.95,Phone
5885,1210,2026-01-06,180.69,Charger
5886,1211,2025-12-02,630.76,Phone
5887,1211,2025-12-25,154.65,Tablet
5888,1211,2025-09-22,859.27,Tablet
5889,1211,2025-09-28,862.57,Phone
5890,1211,2025-06-17,482.91,Phone
5891,1211,2025-05-22,570.5,Headphones
5892,1211,2025-10-16,630.67,Webcam
5893,1211,2025-03-13,841.37,Mouse
5894,1211,2025-12-15,938.23,Monitor
5895,1211,2025-07-06,412.33,Webcam
5896,1213,2025-03-07,782.83,Laptop
5897,1213,2025-06-24,200.68,Mouse
5898,1213,2025-09-24,396.87,Headphones
5899,1213,2025-06-15,751.12,Tablet
5900,1213,2025-03-30,484.57,Charger
5901,1214,2025-01-19,649.58,Tablet
5902,1214,2025-04-29,248.93,Charger
5903,1214,2025-02-09,294.75,Phone
5904,1214,2025-11-16,438.41,Laptop
5905,1214,2025-12-22,423.14,Charger
5906,1214,2025-09-05,93.99,Tablet
5907,1215,2025-05-28,49.55,Monitor
5908,1215,2025-03-14,399.33,Speaker
5909,1215,2025-06-27,653.67,Mouse
5910,1215,2025-08-02,310.46,Charger
5911,1215,2025-01-26,609.24,Monitor
5912,1215,2025-12-26,856.83,Speaker
5913,1215,2025-05-17,516.33,Webcam
5914,1215,2025-07-27,759.84,Charger
5915,1215,2026-01-13,924.22,Tablet
5916,1215,2025-01-31,474.63,Phone
5917,1216,2025-12-21,975.47,Charger
5918,1216,2025-07-14,521.83,Phone
5919,1216,2025-09-24,259.08,Monitor
5920,1216,2025-10-11,934.82,Monitor
5921,1216,2025-02-11,598.49,Headphones
5922,1216,2025-03-27,319.92,Mouse
5923,1216,2025-07-06,908.15,Headphones
5924,1217,2025-11-23,972.62,Headphones
5925,1217,2025-03-30,827.48,Charger
5926,1217,2025-06-22,679.34,Monitor
5927,1217,2025-08-27,271.27,Webcam
5928,1217,2025-04-10,672.99,Headphones
5929,1218,2025-08-15,891.64,Tablet
5930,1218,2025-11-03,804.22,Monitor
5931,1218,2025-10-26,198.07,Mouse
5932,1218,2025-04-07,715.49,Charger
5933,1218,2025-06-12,327.93,Speaker
5934,1218,2025-11-09,585.93,Tablet
5935,1218,2025-09-29,126.04,Monitor
5936,1218,2025-07-17,642.21,Headphones
5937,1218,2025-03-19,602.15,Mouse
5938,1219,2025-01-30,888.4,Speaker
5939,1219,2025-03-03,381.25,Webcam
5940,1220,2025-06-05,719.87,Speaker
5941,1220,2025-05-24,542.03,Tablet
5942,1220,2025-10-04,262.18,Phone
5943,1220,2025-07-26,260.01,Webcam
5944,1220,2025-06-10,814.98,Webcam
5945,1220,2025-12-15,13.23,Headphones
5946,1220,2025-01-27,813.87,Monitor
5947,1221,2025-09-11,460.21,Charger
5948,1221,2025-08-16,587.75,Monitor
5949,1221,2025-09-06,516.01,Webcam
5950,1221,2025-07-14,207.2,Laptop
5951,1221,2025-04-18,981.76,Speaker
5952,1221,2025-03-05,599.32,Speaker
5953,1221,2025-06-03,442.8,Mouse
5954,1222,2025-08-31,148.33,Phone
5955,1223,2025-11-16,762.52,Laptop
5956,1223,2025-11-28,50.62,Phone
5957,1223,2025-09-24,284.58,Charger
5958,1223,2025-12-16,539.87,Tablet
5959,1223,2025-03-13,786.03,Webcam
5960,1224,2025-03-14,49.54,Laptop
5961,1224,2025-09-28,19.76,Mouse
5962,1224,2025-11-12,977.07,Monitor
5963,1225,2025-04-11,435.5,Headphones
5964,1225,2025-08-31,228.23,Monitor
5965,1225,2025-12-11,928.57,Mouse
5966,1225,2025-08-26,842.36,Tablet
5967,1227,2025-03-22,588.28,Headphones
5968,1227,2025-05-03,180.12,Webcam
5969,1227,2025-11-26,211.11,Laptop
5970,1227,2025-09-27,954.93,Phone
5971,1227,2025-11-17,575.53,Monitor
5972,1227,2025-10-31,811.45,Phone
5973,1227,2025-04-09,104.73,Webcam
5974,1227,2025-05-27,228.76,Speaker
5975,1228,2025-03-06,173.99,Tablet
5976,1228,2025-06-21,918.45,Monitor
5977,1228,2025-02-18,116.31,Headphones
5978,1228,2025-05-26,674.45,Webcam
5979,1228,2025-01-30,583.84,Webcam
5980,1228,2025-06-12,451.7,Headphones
5981,1228,2025-12-16,109.36,Phone
5982,1228,2025-08-07,414.45,Speaker
5983,1228,2025-07-05,448.1,Webcam
5984,1229,2025-07-24,753.19,Laptop
5985,1229,2025-06-09,545.85,Monitor
5986,1229,2025-07-19,213.08,Speaker
5987,1229,2026-01-04,442.28,Charger
5988,1229,2025-10-24,348.87,Laptop
5989,1229,2025-11-09,504.04,Webcam
5990,1229,2025-11-17,839.84,Headphones
5991,1229,2025-04-01,379.23,Phone
5992,1229,2025-02-01,604.94,Webcam
5993,1230,2025-01-23,790.19,Headphones
5994,1230,2025-03-04,225.75,Mouse
5995,1231,2025-06-12,281.4,Monitor
5996,1231,2025-05-27,899.47,Webcam
5997,1231,2025-11-23,604.43,Speaker
5998,1231,2025-11-15,961.05,Headphones
5999,1231,2025-08-08,649.02,Phone
6000,1231,2025-12-10,457.72,Laptop
6001,1232,2025-08-10,575.94,Mouse
6002,1232,2025-08-11,387.16,Speaker
6003,1232,2026-01-05,441.93,Speaker
6004,1232,2025-10-03,910.1,Phone
6005,1232,2026-01-05,442.99,Mouse
6006,1232,2025-07-17,236.27,Mouse
6007,1233,2025-11-04,483.75,Tablet
6008,1233,2025-09-05,226.95,Charger
6009,1233,2025-12-21,603.11,Headphones
6010,1233,2025-10-23,847.44,Webcam
6011,1234,2025-08-01,57.5,Headphones
6012,1234,2025-04-22,99.07,Tablet
6013,1234,2025-06-14,101.45,Charger
6014,1234,2025-04-01,59.56,Phone
6015,1234,2025-06-28,530.0,Monitor
6016,1235,2025-04-24,157.54,Tablet
6017,1235,2025-03-12,859.92,Monitor
6018,1235,2026-01-11,872.3,Tablet
6019,1235,2026-01-05,236.8,Monitor
6020,1235,2026-01-12,174.96,Phone
6021,1235,2026-01-12,239.5,Phone
6022,1235,2025-03-10,624.74,Tablet
6023,1236,2025-03-18,552.46,Webcam
6024,1236,2025-10-05,895.97,Headphones
6025,1236,2025-01-24,27.01,Headphones
6026,1236,2025-02-25,606.61,Phone
6027,1237,2025-08-28,775.11,Monitor
6028,1238,2025-04-20,538.61,Speaker
6029,1238,2025-03-15,557.9,Mouse
6030,1239,2025-08-11,161.19,Tablet
6031,1239,2025-09-20,253.19,Laptop
6032,1240,2025-10-16,856.85,Monitor
6033,1240,2025-03-15,518.11,Laptop
6034,1240,2025-11-12,505.9,Laptop
6035,1240,2026-01-15,399.87,Tablet
6036,1240,2025-09-06,57.86,Tablet
6037,1241,2025-03-26,249.51,Mouse
6038,1241,2025-10-13,578.13,Monitor
6039,1242,2025-05-27,253.33,Tablet
6040,1242,2025-02-07,713.11,Headphones
6041,1242,2025-03-25,170.47,Laptop
6042,1242,2025-12-09,76.4,Webcam
6043,1242,2026-01-16,144.55,Monitor
6044,1242,2025-05-21,466.16,Speaker
6045,1242,2025-06-03,680.75,Webcam
6046,1243,2025-02-05,546.05,Webcam
6047,1243,2025-06-09,889.9,Speaker
6048,1243,2025-11-18,962.48,Charger
6049,1243,2025-09-07,360.4,Webcam
6050,1243,2025-10-09,754.11,Charger
6051,1243,2025-11-30,937.5,Tablet
6052,1243,2025-04-17,508.12,Speaker
6053,1243,2025-11-26,134.98,Laptop
6054,1244,2025-02-28,82.68,Mouse
6055,1244,2025-02-07,843.53,Phone
6056,1244,2025-06-12,608.35,Webcam
6057,1245,2025-11-04,382.18,Mouse
6058,1245,2025-04-28,33.64,Speaker
6059,1245,2025-11-16,206.72,Laptop
6060,1245,2025-01-20,223.41,Tablet
6061,1245,2025-09-19,455.44,Tablet
6062,1245,2025-04-11,652.58,Monitor
6063,1246,2025-08-10,252.05,Laptop
6064,1246,2025-05-09,901.5,Speaker
6065,1246,2025-03-03,260.39,Webcam
6066,1246,2025-08-11,471.69,Speaker
6067,1246,2025-03-13,377.85,Headphones
6068,1246,2025-12-09,468.67,Webcam
6069,1248,2025-02-13,948.25,Phone
6070,1248,2025-10-28,302.46,Laptop
6071,1248,2025-03-22,357.05,Webcam
6072,1249,2025-09-16,873.39,Phone
6073,1249,2025-07-23,602.25,Mouse
6074,1249,2025-05-02,822.88,Charger
6075,1249,2025-06-13,482.34,Speaker
6076,1249,2025-08-14,77.08,Mouse
6077,1249,2025-10-08,201.54,Charger
6078,1249,2025-09-15,174.29,Phone
6079,1249,2025-06-08,154.48,Charger
6080,1249,2025-05-12,276.91,Laptop
6081,1249,2025-04-29,514.41,Charger
6082,1250,2025-07-11,33.9,Webcam
6083,1250,2025-05-30,340.7,Speaker
6084,1250,2025-04-20,353.46,Mouse
6085,1250,2025-02-13,292.08,Laptop
6086,1250,2025-03-22,803.21,Phone
6087,1251,2025-09-04,760.91,Webcam
6088,1251,2025-02-11,766.0,Laptop
6089,1251,2025-02-18,669.66,Charger
6090,1251,2026-01-10,731.38,Charger
6091,1251,2025-04-25,76.62,Tablet
6092,1251,2025-02-15,933.62,Webcam
6093,1251,2025-10-25,336.85,Speaker
6094,1252,2025-09-21,274.43,Tablet
6095,1252,2025-05-18,764.49,Headphones
6096,1252,2025-04-27,102.26,Webcam
6097,1252,2025-08-14,283.0,Headphones
6098,1252,2025-09-20,51.47,Monitor
6099,1252,2025-08-16,21.99,Tablet
6100,1252,2025-06-04,202.55,Headphones
6101,1252,2026-01-13,423.41,Tablet
6102,1252,2025-08-22,432.64,Monitor
6103,1252,2025-07-02,990.52,Headphones
6104,1254,2025-07-18,171.76,Laptop
6105,1255,2025-11-08,729.97,Phone
6106,1255,2025-02-09,226.9,Tablet
6107,1255,2025-11-08,925.57,Speaker
6108,1255,2025-11-10,123.09,Speaker
6109,1256,2025-01-24,620.63,Mouse
6110,1256,2025-03-20,852.09,Monitor
6111,1256,2026-01-10,581.27,Charger
6112,1256,2025-09-18,890.28,Mouse
6113,1256,2025-02-13,635.21,Mouse
6114,1257,2025-12-01,164.04,Charger
6115,1257,2025-07-18,685.78,Headphones
6116,1257,2025-03-08,233.94,Laptop
6117,1257,2025-09-17,439.53,Monitor
6118,1257,2025-03-13,334.87,Charger
6119,1257,2025-02-13,307.56,Webcam
6120,1257,2025-04-01,60.77,Monitor
6121,1257,2025-04-17,803.66,Monitor
6122,1258,2025-10-07,825.83,Charger
6123,1259,2025-12-15,846.04,Headphones
6124,1259,2025-09-02,881.94,Headphones
6125,1259,2025-07-06,469.7,Tablet
6126,1260,2025-08-13,700.41,Charger
6127,1261,2025-07-03,418.52,Webcam
6128,1261,2025-01-31,425.1,Mouse
6129,1261,2026-01-02,306.09,Headphones
6130,1261,2025-07-10,170.82,Speaker
6131,1261,2025-02-14,949.01,Phone
6132,1262,2025-06-23,926.86,Laptop
6133,1262,2025-12-10,441.27,Webcam
6134,1262,2025-04-12,162.51,Speaker
6135,1262,2025-11-06,978.58,Mouse
6136,1262,2026-01-13,938.22,Phone
6137,1263,2025-03-26,243.33,Speaker
6138,1263,2025-06-27,928.56,Webcam
6139,1263,2025-06-09,592.54,Webcam
6140,1263,2025-10-24,435.8,Headphones
6141,1264,2025-07-05,250.8,Tablet
6142,1264,2025-05-22,342.75,Mouse
6143,1264,2025-08-17,597.51,Phone
6144,1264,2025-07-31,109.65,Phone
6145,1266,2025-09-02,544.97,Speaker
6146,1266,2025-09-12,897.62,Tablet
6147,1269,2025-06-20,185.8,Tablet
6148,1269,2025-04-14,298.51,Mouse
6149,1269,2025-09-08,681.95,Mouse
6150,1269,2025-04-04,669.4,Phone
6151,1269,2025-09-05,50.03,Monitor
6152,1269,2025-08-15,336.84,Laptop
6153,1269,2025-12-19,996.35,Phone
6154,1271,2025-09-28,10.21,Headphones
6155,1271,2025-04-02,791.65,Webcam
6156,1271,2025-08-26,825.95,Speaker
6157,1271,2025-09-05,116.46,Monitor
6158,1271,2025-06-06,619.28,Charger
6159,1271,2025-05-11,80.97,Monitor
6160,1271,2025-01-29,147.23,Speaker
6161,1271,2025-07-24,610.11,Monitor
6162,1271,2025-10-10,165.82,Charger
6163,1272,2025-08-17,501.45,Headphones
6164,1273,2025-05-20,41.71,Mouse
6165,1273,2025-04-13,668.36,Speaker
6166,1273,2025-03-11,812.17,Mouse
6167,1273,2025-03-17,952.19,Monitor
6168,1274,2025-08-20,656.95,Webcam
6169,1274,2025-05-26,423.79,Headphones
6170,1274,2025-01-26,796.31,Monitor
6171,1274,2025-05-25,669.59,Headphones
6172,1275,2025-11-09,466.67,Tablet
6173,1275,2025-04-27,46.43,Laptop
6174,1275,2025-05-01,591.81,Phone
6175,1276,2025-09-09,116.6,Speaker
6176,1276,2025-11-06,134.85,Phone
6177,1277,2025-05-01,772.66,Mouse
6178,1277,2025-01-20,583.48,Speaker
6179,1277,2025-02-05,440.98,Phone
6180,1277,2025-03-10,930.57,Charger
6181,1278,2026-01-07,309.52,Headphones
6182,1278,2025-07-06,896.63,Laptop
6183,1278,2025-05-10,370.57,Webcam
6184,1278,2025-08-05,199.57,Phone
6185,1278,2025-10-24,58.42,Monitor
6186,1278,2025-07-18,395.66,Speaker
6187,1278,2025-05-06,468.87,Webcam
6188,1278,2025-06-30,785.89,Mouse
6189,1278,2025-07-01,455.12,Mouse
6190,1279,2025-05-11,661.82,Tablet
6191,1279,2025-12-28,17.36,Tablet
6192,1279,2025-06-20,954.75,Webcam
6193,1279,2025-04-01,102.28,Mouse
6194,1279,2025-12-09,156.69,Tablet
6195,1279,2025-06-23,247.62,Speaker
6196,1280,2026-01-15,908.23,Tablet
6197,1280,2025-04-22,423.69,Laptop
6198,1280,2025-05-19,635.22,Mouse
6199,1280,2025-01-26,802.21,Mouse
6200,1281,2025-04-17,12.71,Speaker
6201,1281,2025-05-13,773.85,Charger
6202,1281,2025-04-08,209.7,Tablet
6203,1281,2025-03-31,339.19,Charger
6204,1281,2025-08-21,280.71,Webcam
6205,1282,2025-06-08,993.69,Headphones
6206,1282,2025-04-27,440.59,Laptop
6207,1282,2025-06-23,460.4,Charger
6208,1282,2025-03-27,297.29,Speaker
6209,1282,2025-07-06,54.07,Mouse
6210,1282,2025-02-15,27.74,Phone
6211,1282,2025-12-07,479.77,Webcam
6212,1282,2025-08-12,929.76,Headphones
6213,1283,2025-05-29,836.45,Headphones
6214,1283,2025-08-14,454.78,Monitor
6215,1283,2025-06-06,892.6,Laptop
6216,1283,2025-05-15,818.57,Monitor
6217,1283,2025-02-05,400.86,Laptop
6218,1284,2025-06-02,236.93,Headphones
6219,1284,2025-07-07,952.49,Speaker
6220,1284,2025-01-20,246.59,Laptop
6221,1284,2025-06-01,435.71,Phone
6222,1284,2025-02-27,804.37,Monitor
6223,1284,2025-07-30,539.91,Charger
6224,1284,2025-07-06,940.52,Laptop
6225,1284,2025-09-21,506.73,Monitor
6226,1285,2025-06-23,666.68,Speaker
6227,1285,2025-04-13,988.98,Headphones
6228,1285,2025-02-15,538.75,Charger
6229,1285,2025-05-12,294.68,Phone
6230,1285,2025-05-04,856.68,Webcam
6231,1285,2025-07-28,565.15,Mouse
6232,1285,2025-11-25,185.46,Headphones
6233,1285,2025-11-21,24.07,Webcam
6234,1285,2025-10-24,88.88,Headphones
6235,1286,2025-08-29,30.48,Tablet
6236,1286,2025-05-25,931.77,Monitor
6237,1286,2025-05-01,177.33,Monitor
6238,1286,2025-09-15,675.09,Webcam
6239,1286,2025-04-18,170.24,Webcam
6240,1286,2026-01-08,212.05,Tablet
6241,1286,2025-10-20,367.82,Monitor
6242,1287,2025-12-04,997.91,Charger
6243,1287,2025-12-28,642.63,Phone
6244,1287,2025-05-04,982.99,Phone
6245,1287,2025-04-09,854.5,Laptop
6246,1288,2025-10-04,75.32,Monitor
6247,1288,2025-11-01,965.49,Phone
6248,1288,2025-11-03,767.25,Mouse
6249,1289,2025-05-09,505.46,Charger
6250,1290,2025-03-03,515.67,Speaker
6251,1290,2025-08-14,671.32,Monitor
6252,1290,2025-08-26,787.64,Mouse
6253,1290,2025-04-17,791.11,Mouse
6254,1290,2025-08-28,184.63,Headphones
6255,1290,2025-11-19,549.85,Monitor
6256,1290,2025-12-29,728.06,Phone
6257,1291,2025-04-22,170.67,Mouse
6258,1292,2025-08-17,526.87,Charger
6259,1292,2025-05-02,202.23,Mouse
6260,1294,2025-08-16,854.97,Webcam
6261,1294,2025-04-26,112.53,Charger
6262,1294,2025-06-17,778.1,Webcam
6263,1294,2025-01-24,220.24,Headphones
6264,1294,2025-10-22,624.86,Speaker
6265,1295,2025-11-20,750.26,Phone
6266,1295,2025-10-01,976.38,Headphones
6267,1295,2025-03-21,836.17,Speaker
6268,1295,2025-04-10,561.88,Speaker
6269,1295,2025-08-23,393.4,Mouse
6270,1295,2025-07-20,207.12,Laptop
6271,1295,2025-03-05,46.02,Headphones
6272,1295,2025-10-09,13.68,Mouse
6273,1295,2025-10-09,26.95,Mouse
6274,1296,2025-04-07,345.34,Laptop
6275,1296,2025-08-16,969.89,Speaker
6276,1296,2025-11-13,94.37,Phone
6277,1296,2025-09-10,598.7,Charger
6278,1296,2025-12-06,768.46,Tablet
6279,1296,2025-08-19,478.7,Charger
6280,1296,2025-12-25,996.17,Mouse
6281,1296,2025-02-23,128.56,Laptop
6282,1296,2025-03-16,788.28,Mouse
6283,1296,2026-01-07,253.58,Charger
6284,1297,2026-01-18,300.52,Phone
6285,1297,2025-10-23,64.36,Monitor
6286,1297,2025-06-30,668.18,Tablet
6287,1297,2025-02-09,698.95,Webcam
6288,1297,2025-03-22,999.29,Monitor
6289,1297,2025-11-28,346.54,Webcam
6290,1298,2025-10-23,975.38,Mouse
6291,1299,2025-07-12,503.3,Monitor
6292,1300,2025-05-08,32.5,Monitor
6293,1300,2025-11-25,334.48,Phone
6294,1300,2025-05-25,870.81,Charger
6295,1300,2025-05-03,606.88,Phone
6296,1300,2025-10-04,368.91,Phone
6297,1300,2025-06-18,974.89,Mouse
6298,1301,2025-05-21,889.52,Tablet
6299,1301,2025-11-06,580.65,Phone
6300,1301,2025-03-07,239.2,Monitor
6301,1301,2025-10-29,318.37,Charger
6302,1301,2025-01-31,757.29,Phone
6303,1302,2025-01-21,935.86,Charger
6304,1302,2025-05-08,304.23,Charger
6305,1302,2025-08-13,661.32,Phone
6306,1302,2025-11-24,896.37,Laptop
6307,1302,2025-06-06,318.77,Webcam
6308,1302,2025-02-10,102.04,Mouse
6309,1302,2025-10-09,276.36,Laptop
6310,1302,2025-04-09,145.52,Phone
6311,1303,2025-02-06,13.97,Speaker
6312,1303,2025-01-28,52.1,Mouse
6313,1303,2025-12-12,411.93,Phone
6314,1303,2025-12-04,271.64,Charger
6315,1303,2025-02-26,896.07,Headphones
6316,1303,2025-10-30,91.19,Tablet
6317,1303,2025-04-02,193.28,Phone
6318,1303,2025-11-30,634.53,Laptop
6319,1303,2025-05-19,475.61,Tablet
6320,1304,2025-06-11,740.48,Charger
6321,1304,2025-05-28,246.2,Webcam
6322,1306,2025-10-03,527.75,Monitor
6323,1306,2025-06-10,580.92,Headphones
6324,1306,2025-05-19,497.73,Headphones
6325,1306,2025-05-21,68.78,Headphones
6326,1306,2025-09-22,617.13,Webcam
6327,1306,2025-07-09,200.55,Charger
6328,1306,2025-01-18,299.78,Tablet
6329,1306,2025-12-28,410.48,Webcam
6330,1306,2026-01-08,911.64,Monitor
6331,1306,2025-02-15,276.67,Phone
6332,1307,2025-08-15,262.45,Speaker
6333,1307,2025-04-07,11.44,Phone
6334,1307,2025-02-12,411.49,Headphones
6335,1307,2025-10-03,749.32,Tablet
6336,1307,2025-08-08,580.85,Phone
6337,1307,2025-03-28,967.5,Headphones
6338,1308,2025-09-29,713.96,Headphones
6339,1308,2025-06-12,998.16,Laptop
6340,1309,2025-04-08,687.23,Tablet
6341,1310,2025-02-13,283.78,Phone
6342,1310,2025-12-26,578.83,Headphones
6343,1310,2025-08-07,720.06,Laptop
6344,1311,2025-02-04,115.88,Headphones
6345,1311,2025-04-02,452.6,Tablet
6346,1311,2025-12-09,727.07,Phone
6347,1311,2025-03-28,870.11,Mouse
6348,1311,2025-06-16,977.48,Webcam
6349,1311,2025-12-25,662.93,Monitor
6350,1312,2025-10-16,666.49,Tablet
6351,1312,2025-01-30,214.71,Mouse
6352,1312,2025-04-19,196.12,Headphones
6353,1312,2025-05-11,495.01,Monitor
6354,1312,2025-05-05,443.08,Monitor
6355,1312,2025-04-25,13.03,Speaker
6356,1312,2025-04-04,167.02,Laptop
6357,1313,2025-02-26,529.04,Headphones
6358,1313,2025-05-08,419.27,Monitor
6359,1313,2025-09-17,149.29,Monitor
6360,1313,2025-10-06,185.29,Laptop
6361,1313,2025-06-19,478.5,Charger
6362,1313,2025-10-16,74.64,Speaker
6363,1313,2025-09-21,354.36,Headphones
6364,1314,2025-09-15,208.91,Monitor
6365,1314,2025-10-31,841.07,Webcam
6366,1314,2025-08-03,276.94,Speaker
6367,1314,2025-01-28,228.36,Tablet
6368,1314,2025-08-08,26.97,Headphones
6369,1314,2025-12-13,648.77,Webcam
6370,1314,2025-12-31,226.68,Charger
6371,1315,2025-05-12,645.47,Tablet
6372,1315,2025-10-04,118.73,Mouse
6373,1315,2025-03-10,526.81,Phone
6374,1315,2025-11-28,279.09,Charger
6375,1315,2025-06-06,801.47,Webcam
6376,1315,2025-08-19,30.1,Phone
6377,1315,2025-02-05,248.81,Monitor
6378,1315,2025-12-08,259.58,Headphones
6379,1316,2025-09-14,932.06,Charger
6380,1316,2025-09-11,922.61,Speaker
6381,1316,2026-01-08,977.68,Laptop
6382,1316,2025-06-27,157.61,Laptop
6383,1316,2025-05-02,334.1,Charger
6384,1316,2025-07-07,425.53,Mouse
6385,1316,2025-03-27,11.45,Headphones
6386,1316,2025-01-31,195.5,Monitor
6387,1316,2025-04-04,723.67,Webcam
6388,1316,2025-05-14,258.66,Monitor
6389,1317,2025-03-15,207.47,Webcam
6390,1317,2025-08-02,673.14,Mouse
6391,1317,2025-11-03,105.13,Speaker
6392,1317,2025-06-01,628.37,Headphones
6393,1317,2025-02-04,331.47,Mouse
6394,1317,2025-03-18,363.31,Headphones
6395,1317,2025-08-10,537.16,Speaker
6396,1317,2025-12-29,235.3,Charger
6397,1317,2025-06-21,26.27,Phone
6398,1318,2025-05-21,569.51,Tablet
6399,1319,2025-07-01,416.63,Laptop
6400,1319,2025-05-21,212.91,Webcam
6401,1319,2025-12-03,539.63,Phone
6402,1320,2025-12-21,684.15,Charger
6403,1321,2025-03-17,721.25,Headphones
6404,1321,2025-04-01,740.64,Headphones
6405,1321,2025-07-27,377.17,Laptop
6406,1321,2025-03-15,263.89,Webcam
6407,1321,2025-11-04,129.07,Monitor
6408,1321,2025-01-21,646.59,Speaker
6409,1321,2025-01-23,894.17,Phone
6410,1322,2025-05-18,924.33,Phone
6411,1322,2025-08-15,102.58,Monitor
6412,1322,2025-02-26,793.19,Charger
6413,1322,2025-04-02,748.95,Headphones
6414,1322,2025-01-21,53.73,Monitor
6415,1323,2025-01-26,175.37,Laptop
6416,1323,2025-03-31,926.97,Speaker
6417,1323,2025-06-16,818.89,Headphones
6418,1323,2025-06-28,797.77,Mouse
6419,1323,2025-10-13,109.09,Charger
6420,1323,2025-03-03,587.05,Monitor
6421,1323,2025-12-13,10.09,Mouse
6422,1323,2025-10-31,935.31,Speaker
6423,1324,2025-05-31,698.98,Laptop
6424,1324,2025-11-12,741.51,Laptop
6425,1324,2025-06-27,670.63,Headphones
6426,1324,2025-06-23,180.35,Tablet
6427,1324,2025-10-28,241.88,Laptop
6428,1324,2025-08-29,735.12,Headphones
6429,1324,2025-05-25,829.0,Headphones
6430,1324,2025-11-11,141.3,Speaker
6431,1326,2025-04-19,454.97,Tablet
6432,1326,2025-10-18,41.18,Headphones
6433,1326,2025-03-22,372.98,Monitor
6434,1326,2025-09-09,836.4,Webcam
6435,1326,2025-04-05,162.39,Phone
6436,1326,2025-02-15,835.28,Tablet
6437,1326,2025-12-14,478.99,Laptop
6438,1326,2025-12-17,179.66,Laptop
6439,1326,2025-10-13,537.7,Webcam
6440,1326,2025-08-09,117.44,Tablet
6441,1327,2025-04-22,82.48,Webcam
6442,1327,2025-07-15,117.36,Headphones
6443,1327,2025-04-14,702.69,Tablet
6444,1328,2025-04-07,716.56,Charger
6445,1328,2025-10-07,884.99,Charger
6446,1328,2025-12-31,950.47,Mouse
6447,1328,2025-03-07,887.52,Tablet
6448,1329,2025-03-05,537.52,Headphones
6449,1329,2025-05-06,954.08,Webcam
6450,1329,2025-02-11,180.41,Speaker
6451,1329,2026-01-08,286.38,Monitor
6452,1329,2025-08-18,610.22,Laptop
6453,1329,2025-10-16,204.31,Monitor
6454,1329,2026-01-18,381.77,Charger
6455,1329,2025-10-27,470.22,Phone
6456,1329,2025-02-20,875.98,Phone
6457,1330,2025-10-07,901.82,Headphones
6458,1330,2026-01-03,739.63,Charger
6459,1331,2025-09-17,564.46,Webcam
6460,1332,2025-03-07,584.86,Tablet
6461,1332,2025-02-06,62.3,Tablet
6462,1332,2025-06-03,543.64,Headphones
6463,1332,2025-06-27,800.95,Headphones
6464,1332,2025-12-05,908.92,Charger
6465,1332,2025-06-18,859.72,Charger
6466,1332,2025-11-18,885.58,Headphones
6467,1332,2025-09-16,543.61,Phone
6468,1332,2025-08-06,345.72,Charger
6469,1332,2025-10-12,102.6,Monitor
6470,1333,2026-01-03,553.42,Tablet
6471,1333,2025-11-18,53.58,Speaker
6472,1333,2025-07-11,851.74,Headphones
6473,1333,2025-09-07,148.32,Headphones
6474,1333,2025-07-18,701.79,Phone
6475,1334,2025-11-15,156.34,Speaker
6476,1334,2025-06-18,80.72,Charger
6477,1334,2025-09-02,89.36,Mouse
6478,1334,2025-11-18,466.29,Monitor
6479,1334,2025-12-26,992.82,Mouse
6480,1334,2025-03-25,39.66,Laptop
6481,1334,2025-04-24,782.25,Laptop
6482,1334,2025-06-08,864.26,Laptop
6483,1335,2025-09-09,329.27,Phone
6484,1336,2025-04-11,691.08,Speaker
6485,1337,2025-12-03,444.59,Charger
6486,1338,2025-06-28,377.82,Laptop
6487,1338,2025-11-02,722.03,Mouse
6488,1338,2025-07-08,319.72,Phone
6489,1338,2025-03-13,796.74,Charger
6490,1338,2025-07-22,649.15,Monitor
6491,1338,2025-12-24,268.2,Phone
6492,1338,2025-03-24,550.32,Tablet
6493,1338,2025-05-13,604.34,Charger
6494,1338,2025-02-01,482.01,Speaker
6495,1338,2026-01-02,527.0,Phone
6496,1339,2025-10-31,183.97,Monitor
6497,1339,2025-05-23,506.4,Laptop
6498,1340,2025-06-11,385.65,Laptop
6499,1340,2025-08-01,512.07,Speaker
6500,1340,2025-10-05,35.99,Laptop
6501,1340,2025-12-18,12.77,Monitor
6502,1340,2025-10-10,886.93,Webcam
6503,1341,2025-03-12,640.3,Phone
6504,1341,2025-04-18,367.85,Charger
6505,1341,2025-04-19,282.33,Tablet
6506,1341,2025-03-27,411.13,Phone
6507,1341,2025-08-15,243.44,Tablet
6508,1342,2025-12-28,516.57,Mouse
6509,1342,2025-11-04,375.87,Laptop
6510,1342,2025-02-23,372.55,Tablet
6511,1342,2025-02-17,787.29,Webcam
6512,1344,2026-01-11,717.15,Speaker
6513,1344,2025-03-02,62.51,Headphones
6514,1344,2025-07-04,247.99,Charger
6515,1344,2025-07-24,465.42,Mouse
6516,1344,2025-04-14,788.66,Laptop
6517,1344,2025-05-24,774.64,Charger
6518,1344,2025-09-26,192.92,Phone
6519,1344,2025-06-19,70.1,Laptop
6520,1345,2025-12-20,866.6,Monitor
6521,1346,2025-08-30,133.02,Charger
6522,1346,2025-09-20,916.08,Laptop
6523,1346,2025-12-10,268.99,Monitor
6524,1346,2025-12-12,962.53,Tablet
6525,1346,2025-07-03,552.0,Speaker
6526,1346,2025-02-05,503.46,Headphones
6527,1346,2025-11-15,520.51,Webcam
6528,1346,2025-05-04,721.0,Headphones
6529,1347,2025-01-31,651.27,Webcam
6530,1347,2025-09-05,275.12,Tablet
6531,1347,2025-04-10,676.27,Tablet
6532,1347,2025-03-14,699.68,Monitor
6533,1347,2025-02-24,728.73,Charger
6534,1347,2026-01-08,575.71,Monitor
6535,1347,2025-08-31,413.56,Tablet
6536,1347,2025-09-29,30.5,Webcam
6537,1348,2025-03-24,374.57,Charger
6538,1348,2025-05-14,436.58,Phone
6539,1349,2025-12-08,961.17,Monitor
6540,1349,2025-10-24,91.35,Laptop
6541,1349,2025-07-17,823.82,Monitor
6542,1349,2025-03-22,946.0,Webcam
6543,1350,2025-03-11,361.13,Mouse
6544,1350,2025-07-17,760.08,Laptop
6545,1351,2025-06-08,409.25,Headphones
6546,1351,2025-04-21,723.91,Mouse
6547,1352,2025-04-08,548.03,Tablet
6548,1352,2025-07-03,300.89,Laptop
6549,1352,2025-03-18,671.98,Speaker
6550,1352,2025-05-30,383.5,Webcam
6551,1352,2025-05-03,794.17,Monitor
6552,1353,2025-03-11,579.95,Charger
6553,1353,2025-06-04,510.16,Laptop
6554,1353,2025-06-04,774.32,Phone
6555,1353,2025-05-15,374.69,Charger
6556,1353,2025-11-10,700.43,Charger
6557,1353,2025-08-22,186.67,Monitor
6558,1353,2025-09-11,338.24,Tablet
6559,1353,2025-11-25,471.03,Laptop
6560,1354,2025-03-29,691.37,Laptop
6561,1354,2025-03-30,296.8,Laptop
6562,1354,2025-10-14,993.19,Monitor
6563,1354,2025-09-28,246.43,Headphones
6564,1354,2025-11-12,216.85,Mouse
6565,1354,2025-04-02,202.39,Charger
6566,1354,2025-05-04,265.14,Mouse
6567,1354,2025-05-08,884.65,Phone
6568,1354,2025-12-05,400.77,Headphones
6569,1354,2025-11-19,808.64,Phone
6570,1355,2025-05-09,103.63,Speaker
6571,1356,2025-11-21,471.79,Phone
6572,1356,2025-07-19,548.93,Headphones
6573,1356,2025-08-25,248.69,Phone
6574,1356,2025-12-21,634.56,Headphones
6575,1356,2025-01-22,497.66,Tablet
6576,1356,2025-07-07,410.94,Mouse
6577,1356,2025-11-08,999.45,Laptop
6578,1356,2025-01-21,883.56,Laptop
6579,1357,2025-06-03,956.65,Charger
6580,1358,2025-09-25,760.81,Mouse
6581,1358,2025-10-25,991.51,Phone
6582,1358,2025-09-25,467.1,Charger
6583,1358,2025-02-13,859.79,Charger
6584,1358,2025-10-25,723.08,Charger
6585,1358,2025-05-12,892.91,Laptop
6586,1358,2025-11-02,912.4,Headphones
6587,1361,2025-07-01,115.68,Webcam
6588,1361,2025-04-22,120.89,Tablet
6589,1361,2025-10-01,839.22,Charger
6590,1361,2025-03-25,925.08,Headphones
6591,1361,2025-06-23,691.51,Mouse
6592,1361,2025-09-15,477.55,Speaker
6593,1361,2025-03-17,271.25,Monitor
6594,1361,2025-12-05,824.81,Phone
6595,1361,2025-10-16,960.76,Webcam
6596,1363,2025-06-18,683.32,Webcam
6597,1363,2025-04-26,374.23,Mouse
6598,1363,2025-07-02,142.59,Laptop
6599,1363,2025-07-19,85.49,Phone
6600,1363,2025-05-14,810.43,Charger
6601,1363,2025-03-21,642.9,Monitor
6602,1363,2025-12-17,117.77,Monitor
6603,1363,2025-08-13,233.59,Webcam
6604,1363,2025-01-24,534.59,Mouse
6605,1365,2025-02-16,147.9,Webcam
6606,1365,2025-06-13,202.76,Tablet
6607,1365,2025-08-04,942.18,Charger
6608,1365,2025-03-10,156.4,Headphones
6609,1365,2025-08-27,456.78,Mouse
6610,1365,2025-01-28,344.32,Phone
6611,1365,2025-06-02,101.3,Laptop
6612,1365,2025-10-10,698.46,Monitor
6613,1365,2025-03-16,138.75,Charger
6614,1366,2025-08-22,941.26,Laptop
6615,1366,2025-03-01,831.29,Laptop
6616,1366,2025-05-16,780.24,Mouse
6617,1366,2025-11-30,245.27,Webcam
6618,1366,2025-12-23,434.38,Laptop
6619,1366,2025-06-17,524.15,Phone
6620,1367,2025-02-02,748.88,Webcam
6621,1370,2025-08-22,876.08,Laptop
6622,1370,2025-05-13,525.05,Headphones
6623,1370,2025-09-18,367.71,Webcam
6624,1371,2025-08-18,97.5,Laptop
6625,1371,2025-04-13,392.42,Speaker
6626,1371,2025-04-17,81.95,Headphones
6627,1371,2025-09-19,108.95,Tablet
6628,1371,2025-11-11,769.92,Monitor
6629,1371,2025-09-11,898.52,Mouse
6630,1371,2025-03-22,61.53,Webcam
6631,1371,2025-09-02,513.99,Tablet
6632,1371,2025-05-06,441.88,Phone
6633,1372,2025-10-24,630.11,Speaker
6634,1372,2025-03-24,430.23,Charger
6635,1372,2025-06-24,647.71,Tablet
6636,1372,2025-02-14,624.97,Charger
6637,1372,2025-09-17,833.08,Monitor
6638,1372,2025-09-03,752.17,Laptop
6639,1372,2025-01-27,124.67,Monitor
6640,1373,2025-09-19,14.91,Charger
6641,1373,2025-05-22,985.3,Headphones
6642,1373,2025-03-30,349.18,Headphones
6643,1373,2025-10-09,482.12,Charger
6644,1373,2025-04-09,739.29,Charger
6645,1373,2025-08-03,145.13,Laptop
6646,1373,2025-11-25,219.84,Mouse
6647,1373,2025-02-02,618.36,Phone
6648,1375,2025-08-16,670.36,Speaker
6649,1377,2025-11-25,824.03,Charger
6650,1377,2025-04-10,374.56,Phone
6651,1377,2025-11-27,805.25,Monitor
6652,1377,2025-02-10,578.35,Laptop
6653,1377,2025-09-10,717.51,Speaker
6654,1377,2025-03-23,991.98,Tablet
6655,1377,2025-03-14,408.83,Webcam
6656,1377,2025-12-31,768.96,Webcam
6657,1377,2025-03-22,870.88,Monitor
6658,1378,2025-02-14,645.33,Speaker
6659,1378,2025-10-19,98.76,Charger
6660,1378,2025-07-24,302.59,Charger
6661,1378,2025-12-17,785.7,Webcam
6662,1378,2025-02-28,640.41,Headphones
6663,1378,2025-06-03,155.46,Phone
6664,1378,2025-03-15,301.46,Charger
6665,1378,2025-06-26,888.47,Headphones
6666,1379,2025-06-19,891.63,Phone
6667,1379,2025-07-19,193.11,Headphones
6668,1380,2025-06-13,782.72,Webcam
6669,1380,2025-12-11,410.17,Charger
6670,1380,2025-02-25,961.02,Laptop
6671,1380,2025-08-19,413.74,Laptop
6672,1381,2025-07-31,478.25,Webcam
6673,1381,2025-04-23,643.84,Speaker
6674,1381,2025-08-02,766.15,Laptop
6675,1381,2025-06-09,645.52,Tablet
6676,1381,2026-01-14,751.78,Monitor
6677,1381,2025-10-19,566.04,Headphones
6678,1381,2025-11-20,524.79,Headphones
6679,1381,2025-09-21,332.52,Mouse
6680,1382,2025-02-02,251.52,Charger
6681,1382,2025-06-09,147.14,Charger
6682,1382,2025-08-14,759.44,Monitor
6683,1382,2025-07-20,829.73,Mouse
6684,1382,2025-12-25,960.42,Phone
6685,1382,2025-06-28,981.78,Webcam
6686,1382,2025-07-28,347.93,Charger
6687,1382,2025-04-17,806.54,Tablet
6688,1382,2025-05-12,412.17,Mouse
6689,1382,2025-05-17,549.06,Tablet
6690,1383,2025-10-14,664.31,Phone
6691,1383,2025-06-08,785.76,Webcam
6692,1383,2025-06-14,577.18,Mouse
6693,1383,2025-12-30,412.86,Phone
6694,1383,2025-06-13,924.23,Headphones
6695,1383,2025-05-11,24.78,Speaker
6696,1384,2025-10-17,107.27,Tablet
6697,1384,2025-08-24,768.83,Charger
6698,1384,2025-10-10,320.56,Mouse
6699,1384,2025-04-07,980.67,Phone
6700,1384,2025-09-16,259.41,Headphones
6701,1384,2025-02-27,779.45,Webcam
6702,1385,2025-03-10,157.46,Monitor
6703,1385,2025-12-24,851.27,Monitor
6704,1385,2025-11-09,629.78,Laptop
6705,1385,2025-03-24,856.09,Tablet
6706,1385,2025-03-29,483.63,Headphones
6707,1385,2025-01-24,10.97,Charger
6708,1385,2025-09-27,439.91,Webcam
6709,1385,2025-02-03,908.27,Webcam
6710,1386,2025-03-18,998.46,Phone
6711,1387,2025-04-20,508.86,Phone
6712,1387,2025-04-07,90.4,Headphones
6713,1387,2026-01-08,816.17,Mouse
6714,1387,2025-04-30,825.32,Laptop
6715,1387,2025-07-14,57.44,Phone
6716,1387,2025-07-24,381.44,Laptop
6717,1388,2025-12-06,651.8,Phone
6718,1388,2025-10-27,300.1,Phone
6719,1388,2025-10-01,859.26,Mouse
6720,1388,2025-02-27,63.78,Webcam
6721,1388,2025-07-09,775.92,Charger
6722,1388,2025-08-31,203.94,Speaker
6723,1388,2025-03-15,645.65,Tablet
6724,1388,2025-10-23,59.8,Mouse
6725,1388,2025-08-21,228.31,Monitor
6726,1389,2025-08-23,26.65,Speaker
6727,1389,2025-08-30,446.24,Monitor
6728,1389,2025-08-16,396.83,Laptop
6729,1389,2025-07-29,717.17,Speaker
6730,1390,2025-09-13,728.76,Webcam
6731,1390,2025-07-25,674.68,Tablet
6732,1391,2025-03-31,29.27,Phone
6733,1391,2025-10-14,748.4,Speaker
6734,1391,2025-01-25,727.74,Speaker
6735,1391,2025-04-08,923.6,Laptop
6736,1391,2025-06-25,982.16,Phone
6737,1392,2025-06-16,32.51,Charger
6738,1392,2025-10-14,677.89,Monitor
6739,1392,2025-10-17,76.49,Headphones
6740,1392,2025-10-03,206.45,Speaker
6741,1393,2025-02-09,98.29,Tablet
6742,1393,2025-05-25,954.65,Mouse
6743,1393,2025-03-30,364.3,Tablet
6744,1394,2025-03-18,351.29,Webcam
6745,1394,2025-05-21,117.63,Charger
6746,1394,2025-08-05,927.9,Speaker
6747,1396,2025-03-28,851.05,Tablet
6748,1396,2025-02-22,681.25,Phone
6749,1396,2025-05-15,606.9,Laptop
6750,1397,2025-02-03,121.49,Webcam
6751,1397,2025-11-10,245.59,Charger
6752,1397,2025-04-26,979.75,Mouse
6753,1397,2025-12-08,141.03,Speaker
6754,1397,2025-12-13,550.65,Mouse
6755,1397,2025-08-07,382.22,Headphones
6756,1398,2025-01-18,453.01,Charger
6757,1398,2025-05-28,303.76,Monitor
6758,1398,2025-09-27,596.63,Tablet
6759,1399,2025-12-22,329.79,Tablet
6760,1399,2025-11-22,865.48,Monitor
6761,1399,2025-08-31,515.17,Phone
6762,1399,2025-09-16,436.85,Monitor
6763,1399,2025-08-12,994.98,Headphones
6764,1399,2025-08-29,457.22,Monitor
6765,1399,2025-02-08,833.68,Webcam
6766,1399,2025-06-12,475.69,Phone
6767,1399,2025-09-30,928.41,Speaker
6768,1400,2025-03-19,670.6,Tablet
6769,1400,2025-07-04,916.02,Phone
6770,1400,2025-06-26,23.87,Tablet
6771,1400,2025-04-17,642.67,Speaker
6772,1400,2025-04-11,895.32,Charger
6773,1400,2025-11-22,829.05,Phone
6774,1400,2026-01-16,631.98,Monitor
6775,1401,2025-04-03,931.28,Webcam
6776,1401,2025-12-03,179.9,Charger
6777,1401,2025-08-29,346.74,Speaker
6778,1401,2025-06-08,786.55,Speaker
6779,1401,2025-11-02,241.53,Webcam
6780,1401,2026-01-04,867.92,Headphones
6781,1401,2025-04-06,875.99,Charger
6782,1401,2025-07-14,250.6,Phone
6783,1402,2025-12-13,185.44,Mouse
6784,1402,2025-02-17,414.34,Mouse
6785,1402,2025-05-21,236.62,Speaker
6786,1402,2025-02-28,960.17,Laptop
6787,1402,2025-09-05,497.9,Charger
6788,1402,2025-08-04,721.99,Webcam
6789,1402,2025-11-10,408.75,Phone
6790,1402,2025-11-16,459.04,Laptop
6791,1403,2025-06-14,862.29,Speaker
6792,1403,2025-06-12,243.59,Webcam
6793,1403,2025-02-25,523.09,Tablet
6794,1403,2025-06-25,861.5,Laptop
6795,1403,2025-05-09,371.44,Laptop
6796,1403,2025-10-29,382.36,Tablet
6797,1404,2025-01-18,662.32,Tablet
6798,1405,2025-02-14,231.67,Mouse
6799,1405,2025-03-15,334.61,Tablet
6800,1406,2025-07-22,992.23,Mouse
6801,1408,2025-03-16,543.68,Speaker
6802,1408,2025-12-13,937.69,Monitor
6803,1408,2025-10-07,410.89,Tablet
6804,1408,2025-03-14,735.16,Charger
6805,1408,2025-09-21,654.79,Tablet
6806,1409,2025-11-24,981.89,Tablet
6807,1410,2025-10-12,572.19,Speaker
6808,1410,2025-04-09,757.41,Laptop
6809,1410,2025-12-12,561.95,Charger
6810,1410,2025-07-05,774.85,Monitor
6811,1410,2025-08-25,242.87,Charger
6812,1411,2025-11-27,785.52,Laptop
6813,1411,2025-07-30,953.56,Tablet
6814,1411,2025-05-17,893.25,Laptop
6815,1411,2025-12-27,852.36,Laptop
6816,1412,2025-10-14,694.88,Headphones
6817,1412,2025-10-01,665.69,Charger
6818,1412,2025-06-15,438.82,Monitor
6819,1412,2025-12-11,512.29,Monitor
6820,1412,2025-07-17,651.89,Monitor
6821,1412,2025-02-21,883.67,Mouse
6822,1412,2025-02-02,847.67,Charger
6823,1412,2025-10-21,558.01,Phone
6824,1412,2025-10-09,650.8,Monitor
6825,1413,2025-11-16,457.35,Charger
6826,1413,2025-03-20,512.46,Laptop
6827,1413,2025-09-07,698.33,Speaker
6828,1413,2025-12-25,100.75,Tablet
6829,1413,2025-07-28,242.93,Charger
6830,1414,2025-11-27,453.1,Speaker
6831,1414,2025-11-11,204.03,Tablet
6832,1414,2025-04-18,35.96,Speaker
6833,1414,2025-02-14,282.15,Phone
6834,1414,2025-03-05,963.89,Phone
6835,1414,2025-08-28,722.21,Speaker
6836,1415,2026-01-03,614.33,Speaker
6837,1415,2025-03-01,390.63,Tablet
6838,1415,2025-12-20,858.45,Webcam
6839,1415,2025-09-29,510.75,Tablet
6840,1415,2025-05-26,838.67,Tablet
6841,1415,2025-08-23,326.92,Headphones
6842,1415,2025-08-18,498.97,Laptop
6843,1416,2025-08-01,536.82,Charger
6844,1416,2025-04-18,10.65,Tablet
6845,1416,2025-09-28,685.52,Headphones
6846,1416,2025-05-26,374.99,Monitor
6847,1416,2025-07-19,884.19,Mouse
6848,1416,2025-10-13,758.01,Webcam
6849,1416,2025-01-24,387.13,Mouse
6850,1416,2025-10-07,688.76,Laptop
6851,1416,2025-10-12,40.33,Phone
6852,1416,2025-10-01,176.24,Charger
6853,1417,2025-06-04,780.6,Mouse
6854,1417,2025-09-29,853.96,Monitor
6855,1418,2025-11-14,190.73,Charger
6856,1418,2025-08-01,399.24,Webcam
6857,1418,2025-10-24,204.15,Mouse
6858,1418,2025-08-29,828.2,Monitor
6859,1419,2025-05-27,641.92,Tablet
6860,1419,2025-11-17,686.69,Monitor
6861,1420,2025-03-09,832.01,Headphones
6862,1420,2025-07-01,867.63,Headphones
6863,1420,2025-05-10,550.72,Phone
6864,1420,2025-07-22,346.78,Tablet
6865,1420,2025-08-12,268.12,Mouse
6866,1420,2026-01-01,194.74,Mouse
6867,1421,2025-05-23,186.12,Mouse
6868,1421,2025-04-09,395.19,Tablet
6869,1421,2025-04-27,409.61,Headphones
6870,1421,2025-06-26,869.65,Headphones
6871,1421,2025-09-07,349.89,Mouse
6872,1421,2025-10-24,111.2,Charger
6873,1421,2025-10-15,115.15,Webcam
6874,1422,2025-12-08,372.15,Speaker
6875,1422,2025-08-18,523.75,Webcam
6876,1422,2025-08-28,950.08,Charger
6877,1422,2025-06-29,331.13,Mouse
6878,1422,2025-09-04,758.43,Monitor
6879,1423,2025-03-11,231.96,Headphones
6880,1423,2025-08-31,313.55,Phone
6881,1423,2025-06-21,878.97,Charger
6882,1423,2026-01-14,826.09,Phone
6883,1424,2025-05-09,914.74,Speaker
6884,1425,2025-10-24,56.42,Charger
6885,1425,2025-08-16,834.69,Mouse
6886,1426,2025-06-12,243.66,Laptop
6887,1426,2025-01-25,95.15,Mouse
6888,1426,2025-01-19,218.08,Monitor
6889,1426,2025-10-31,97.33,Monitor
6890,1426,2025-07-04,459.14,Mouse
6891,1426,2025-09-26,829.32,Headphones
6892,1426,2025-07-19,116.15,Tablet
6893,1426,2025-08-10,372.45,Headphones
6894,1426,2025-09-25,819.36,Speaker
6895,1427,2025-11-25,106.4,Webcam
6896,1427,2025-05-02,452.85,Mouse
6897,1427,2025-04-28,55.33,Monitor
6898,1427,2026-01-02,953.2,Tablet
6899,1427,2025-03-29,700.15,Phone
6900,1427,2025-08-28,290.64,Phone
6901,1427,2025-07-21,44.84,Mouse
6902,1427,2025-05-08,185.55,Webcam
6903,1428,2025-06-17,533.92,Phone
6904,1428,2025-04-16,699.12,Charger
6905,1428,2025-11-21,478.16,Laptop
6906,1428,2025-07-26,609.02,Tablet
6907,1428,2025-09-05,760.19,Laptop
6908,1428,2025-04-03,278.97,Tablet
6909,1428,2025-10-13,242.66,Charger
6910,1428,2025-08-02,531.52,Mouse
6911,1428,2025-08-01,408.17,Tablet
6912,1429,2026-01-17,561.83,Webcam
6913,1429,2025-05-05,421.92,Mouse
6914,1429,2025-08-19,865.39,Charger
6915,1429,2025-01-28,421.36,Speaker
6916,1429,2025-05-04,543.53,Monitor
6917,1430,2025-01-21,863.97,Tablet
6918,1430,2025-08-27,497.78,Mouse
6919,1430,2025-09-17,515.11,Monitor
6920,1430,2025-07-25,545.94,Mouse
6921,1431,2025-06-11,427.74,Mouse
6922,1431,2025-01-21,798.64,Mouse
6923,1431,2026-01-06,789.73,Monitor
6924,1431,2025-03-02,186.0,Tablet
6925,1431,2025-12-08,311.5,Phone
6926,1431,2025-01-29,967.96,Webcam
6927,1431,2025-06-12,985.53,Laptop
6928,1431,2026-01-04,144.76,Laptop
6929,1431,2025-02-01,883.67,Laptop
6930,1432,2025-06-13,803.61,Mouse
6931,1432,2025-08-08,642.77,Headphones
6932,1433,2025-12-14,958.88,Tablet
6933,1434,2025-01-24,878.6,Phone
6934,1434,2025-08-05,801.32,Mouse
6935,1434,2025-04-27,78.55,Laptop
6936,1434,2025-11-19,330.74,Speaker
6937,1434,2025-05-29,43.45,Headphones
6938,1434,2025-02-25,637.08,Webcam
6939,1434,2025-04-09,559.99,Tablet
6940,1434,2025-08-09,685.17,Monitor
6941,1434,2025-08-03,310.23,Charger
6942,1434,2025-08-09,529.54,Webcam
6943,1435,2025-12-04,590.57,Speaker
6944,1435,2025-11-08,152.63,Headphones
6945,1435,2025-05-18,428.84,Speaker
6946,1435,2025-05-09,722.17,Monitor
6947,1435,2025-11-12,646.71,Tablet
6948,1435,2025-08-07,749.43,Tablet
6949,1436,2025-09-01,847.5,Tablet
6950,1436,2025-10-14,920.05,Monitor
6951,1436,2025-04-23,217.06,Phone
6952,1436,2025-11-26,530.57,Tablet
6953,1436,2026-01-17,710.49,Phone
6954,1437,2025-08-08,198.52,Phone
6955,1437,2025-06-19,135.03,Tablet
6956,1438,2025-11-30,17.01,Monitor
6957,1438,2025-01-23,627.83,Laptop
6958,1438,2025-12-22,383.38,Laptop
6959,1438,2025-06-30,886.63,Charger
6960,1438,2025-06-02,252.3,Monitor
6961,1438,2025-01-22,494.64,Headphones
6962,1438,2025-01-18,720.37,Speaker
6963,1438,2025-02-03,351.56,Charger
6964,1438,2025-05-24,173.41,Speaker
6965,1438,2025-06-09,409.99,Phone
6966,1439,2025-09-23,461.47,Tablet
6967,1439,2025-02-24,900.85,Speaker
6968,1439,2025-12-09,469.62,Monitor
6969,1439,2025-10-29,749.36,Mouse
6970,1439,2025-05-28,566.42,Monitor
6971,1439,2025-04-02,489.0,Webcam
6972,1439,2025-12-17,163.21,Laptop
6973,1439,2025-12-31,332.18,Phone
6974,1439,2025-06-08,515.82,Speaker
6975,1439,2025-02-22,388.59,Charger
6976,1440,2025-04-23,732.26,Webcam
6977,1440,2025-08-12,62.57,Tablet
6978,1440,2025-11-16,721.11,Phone
6979,1441,2026-01-11,474.08,Phone
6980,1441,2025-09-18,462.6,Headphones
6981,1441,2025-12-12,206.34,Headphones
6982,1441,2025-05-05,926.54,Tablet
6983,1441,2025-07-01,957.12,Laptop
6984,1441,2025-02-05,332.56,Tablet
6985,1441,2025-10-23,163.64,Headphones
6986,1441,2025-12-18,743.58,Tablet
6987,1441,2025-12-17,955.79,Webcam
6988,1441,2025-09-14,801.41,Phone
6989,1442,2025-07-31,310.17,Charger
6990,1442,2025-03-18,555.15,Headphones
6991,1442,2025-12-05,897.74,Mouse
6992,1442,2025-11-08,656.79,Headphones
6993,1442,2025-01-29,791.46,Charger
6994,1442,2025-09-05,211.15,Charger
6995,1442,2025-04-02,940.3,Monitor
6996,1442,2025-06-03,423.7,Speaker
6997,1442,2025-09-26,727.54,Speaker
6998,1442,2025-02-04,739.74,Speaker
6999,1443,2025-04-27,169.95,Webcam
7000,1443,2025-05-06,296.94,Laptop
7001,1443,2025-12-31,575.33,Monitor
7002,1444,2025-04-20,581.83,Speaker
7003,1444,2025-08-26,615.1,Phone
7004,1444,2025-12-27,188.66,Speaker
7005,1444,2025-06-10,607.57,Speaker
7006,1446,2025-04-28,575.33,Speaker
7007,1446,2025-05-23,79.18,Laptop
7008,1447,2025-06-21,254.02,Speaker
7009,1447,2025-12-14,762.15,Speaker
7010,1447,2025-06-13,721.58,Headphones
7011,1447,2025-12-19,495.42,Mouse
7012,1447,2025-03-19,146.89,Charger
7013,1448,2025-12-28,250.6,Tablet
7014,1448,2025-06-05,37.8,Phone
7015,1448,2025-11-02,143.37,Mouse
7016,1448,2025-03-05,403.16,Laptop
7017,1448,2025-05-16,552.5,Tablet
7018,1448,2025-05-23,47.28,Laptop
7019,1448,2025-08-24,272.66,Charger
7020,1448,2025-12-03,494.06,Speaker
7021,1449,2025-03-09,508.43,Speaker
7022,1449,2025-12-25,355.82,Headphones
7023,1449,2025-10-26,696.39,Mouse
7024,1449,2025-03-26,670.67,Mouse
7025,1449,2025-11-26,192.81,Charger
7026,1449,2025-03-04,400.4,Laptop
7027,1449,2025-01-20,800.71,Laptop
7028,1449,2025-04-14,209.98,Monitor
7029,1450,2025-12-25,243.92,Webcam
7030,1450,2025-09-11,648.95,Mouse
7031,1450,2025-05-05,118.39,Phone
7032,1450,2025-11-04,353.42,Tablet
7033,1451,2025-04-22,873.29,Phone
7034,1451,2025-05-10,32.61,Tablet
7035,1451,2025-12-13,646.48,Tablet
7036,1452,2025-05-09,751.79,Laptop
7037,1452,2025-05-03,101.55,Headphones
7038,1452,2025-11-01,483.19,Charger
7039,1452,2025-06-03,200.92,Headphones
7040,1452,2025-04-09,912.54,Webcam
7041,1452,2025-06-26,992.26,Phone
7042,1452,2025-03-21,218.31,Speaker
7043,1452,2025-11-24,102.0,Phone
7044,1452,2025-11-13,153.73,Laptop
7045,1453,2025-08-01,159.42,Tablet
7046,1453,2025-05-12,124.4,Tablet
7047,1453,2025-07-16,126.9,Speaker
7048,1453,2025-02-16,416.01,Tablet
7049,1453,2025-03-09,62.97,Phone
7050,1453,2025-05-19,124.77,Webcam
7051,1453,2025-05-25,408.67,Tablet
7052,1453,2025-02-24,914.15,Laptop
7053,1453,2025-10-01,129.75,Laptop
7054,1453,2025-11-29,452.03,Mouse
7055,1454,2025-08-24,745.15,Charger
7056,1454,2025-01-19,762.35,Headphones
7057,1454,2025-04-19,205.97,Headphones
7058,1454,2025-03-05,46.65,Headphones
7059,1454,2025-03-26,437.13,Mouse
7060,1454,2025-02-20,216.32,Laptop
7061,1454,2025-12-02,663.73,Speaker
7062,1454,2025-12-24,654.12,Monitor
7063,1454,2025-10-30,778.88,Phone
7064,1454,2025-04-14,158.14,Monitor
7065,1455,2025-10-30,109.45,Monitor
7066,1455,2025-03-11,32.48,Charger
7067,1456,2026-01-07,400.84,Charger
7068,1456,2025-07-18,149.21,Mouse
7069,1456,2025-06-22,861.25,Mouse
7070,1456,2025-04-27,982.16,Tablet
7071,1456,2025-09-10,600.36,Webcam
7072,1456,2025-10-12,137.52,Headphones
7073,1456,2025-08-31,703.62,Mouse
7074,1456,2025-08-09,994.62,Mouse
7075,1456,2025-10-05,724.36,Phone
7076,1456,2025-05-15,812.36,Laptop
7077,1457,2025-05-16,718.52,Mouse
7078,1457,2025-03-25,136.92,Speaker
7079,1457,2025-09-19,825.26,Phone
7080,1458,2025-03-21,969.2,Phone
7081,1458,2025-11-22,150.46,Headphones
7082,1458,2025-03-10,429.62,Mouse
7083,1459,2025-11-28,333.37,Mouse
7084,1459,2025-02-24,393.5,Tablet
7085,1459,2025-03-01,219.89,Laptop
7086,1459,2025-07-20,266.76,Phone
7087,1459,2025-07-16,889.22,Tablet
7088,1459,2025-08-31,35.39,Speaker
7089,1459,2025-07-01,930.88,Webcam
7090,1459,2025-02-07,131.88,Tablet
7091,1460,2025-12-19,238.5,Speaker
7092,1460,2025-07-30,285.15,Tablet
7093,1460,2025-09-08,603.08,Laptop
7094,1460,2025-05-30,448.68,Phone
7095,1460,2025-08-25,436.91,Laptop
7096,1460,2025-04-22,418.22,Tablet
7097,1460,2025-07-03,135.22,Monitor
7098,1461,2025-04-26,653.59,Phone
7099,1461,2025-04-12,348.97,Monitor
7100,1461,2025-06-01,953.39,Tablet
7101,1461,2025-04-06,829.49,Laptop
7102,1461,2025-10-27,229.62,Monitor
7103,1461,2025-05-06,42.06,Laptop
7104,1461,2025-12-03,133.45,Mouse
7105,1461,2025-10-12,908.9,Webcam
7106,1462,2025-11-26,568.78,Speaker
7107,1462,2025-05-06,374.88,Monitor
7108,1462,2025-11-18,626.68,Mouse
7109,1462,2025-11-22,448.38,Mouse
7110,1462,2025-03-02,378.25,Webcam
7111,1462,2025-08-18,845.07,Headphones
7112,1462,2025-10-02,258.77,Phone
7113,1463,2026-01-11,838.4,Monitor
7114,1463,2025-07-05,467.13,Laptop
7115,1464,2025-04-23,53.68,Laptop
7116,1465,2025-11-24,799.29,Charger
7117,1466,2025-08-26,48.34,Laptop
7118,1467,2025-01-31,558.3,Phone
7119,1467,2025-04-12,454.83,Monitor
7120,1467,2025-07-23,765.81,Phone
7121,1467,2025-01-29,494.09,Webcam
7122,1467,2025-03-30,521.12,Charger
7123,1467,2025-07-30,23.0,Phone
7124,1468,2025-06-21,372.58,Phone
7125,1468,2025-12-03,156.65,Laptop
7126,1468,2025-02-12,869.75,Phone
7127,1468,2025-04-01,974.46,Laptop
7128,1468,2025-11-16,468.82,Headphones
7129,1468,2025-07-27,513.28,Webcam
7130,1468,2025-08-25,458.43,Headphones
7131,1468,2025-03-25,63.34,Headphones
7132,1468,2025-12-26,338.82,Laptop
7133,1468,2025-07-24,814.87,Monitor
7134,1469,2025-07-22,970.27,Monitor
7135,1469,2025-12-09,497.11,Headphones
7136,1469,2025-11-11,803.02,Tablet
7137,1469,2025-08-09,123.06,Headphones
7138,1469,2025-05-27,34.54,Webcam
7139,1470,2025-03-22,355.44,Charger
7140,1470,2025-08-04,679.6,Speaker
7141,1471,2025-03-30,706.37,Monitor
7142,1471,2025-05-02,501.21,Headphones
7143,1471,2025-08-09,129.29,Laptop
7144,1471,2025-03-26,340.43,Headphones
7145,1471,2025-09-25,610.89,Tablet
7146,1471,2025-05-12,824.36,Speaker
7147,1472,2025-03-03,839.95,Webcam
7148,1472,2025-09-28,442.44,Tablet
7149,1472,2025-06-16,88.14,Phone
7150,1472,2025-11-18,529.37,Tablet
7151,1473,2025-04-05,28.79,Laptop
7152,1473,2025-05-17,980.02,Webcam
7153,1473,2025-04-10,420.66,Phone
7154,1473,2025-11-11,317.5,Mouse
7155,1473,2025-11-01,630.57,Laptop
7156,1473,2025-02-05,757.55,Phone
7157,1473,2025-07-24,60.07,Speaker
7158,1474,2025-11-30,472.69,Monitor
7159,1474,2025-05-28,46.98,Monitor
7160,1474,2025-09-25,589.71,Charger
7161,1474,2025-03-27,770.59,Charger
7162,1474,2025-04-30,77.27,Monitor
7163,1474,2025-06-06,578.43,Mouse
7164,1474,2025-02-19,256.8,Phone
7165,1474,2025-07-12,323.5,Tablet
7166,1474,2025-10-16,51.87,Charger
7167,1474,2025-12-25,47.52,Monitor
7168,1475,2025-08-22,831.83,Speaker
7169,1475,2025-06-12,929.97,Webcam
7170,1475,2025-12-25,785.49,Charger
7171,1475,2026-01-14,989.8,Headphones
7172,1475,2025-04-10,651.55,Headphones
7173,1475,2025-11-11,468.62,Speaker
7174,1475,2025-03-08,688.3,Webcam
7175,1475,2025-08-27,388.4,Charger
7176,1475,2025-04-22,752.41,Phone
7177,1475,2025-06-04,416.78,Webcam
7178,1476,2025-11-04,156.96,Speaker
7179,1477,2025-04-23,953.02,Speaker
7180,1477,2025-12-15,485.09,Monitor
7181,1477,2025-02-06,255.76,Tablet
7182,1477,2025-08-21,764.57,Webcam
7183,1478,2025-08-20,218.83,Charger
7184,1478,2025-01-28,673.03,Monitor
7185,1479,2025-01-31,572.78,Phone
7186,1479,2025-02-04,995.71,Speaker
7187,1479,2025-08-23,808.94,Phone
7188,1479,2025-05-22,714.37,Monitor
7189,1479,2025-04-11,173.49,Webcam
7190,1479,2025-01-24,849.64,Tablet
7191,1479,2025-12-15,36.04,Speaker
7192,1479,2025-11-18,60.47,Speaker
7193,1479,2025-09-25,821.62,Charger
7194,1480,2025-05-22,114.63,Webcam
7195,1480,2025-02-21,64.37,Tablet
7196,1481,2025-02-18,668.7,Laptop
7197,1481,2025-08-23,634.52,Monitor
7198,1481,2025-09-17,104.13,Charger
7199,1481,2025-05-04,944.28,Phone
7200,1481,2025-05-03,242.86,Charger
7201,1481,2025-09-13,599.52,Speaker
7202,1481,2025-06-09,901.82,Phone
7203,1481,2025-10-14,92.67,Speaker
7204,1481,2025-07-25,962.89,Charger
7205,1481,2025-07-26,508.61,Monitor
7206,1482,2025-09-01,513.14,Phone
7207,1482,2025-12-27,970.8,Webcam
7208,1482,2025-11-21,895.22,Monitor
7209,1482,2025-08-31,539.75,Tablet
7210,1482,2025-07-04,760.25,Speaker
7211,1482,2025-06-02,947.34,Mouse
7212,1482,2025-03-21,526.73,Headphones
7213,1482,2025-12-17,575.38,Speaker
7214,1482,2025-06-02,972.79,Mouse
7215,1482,2025-10-28,443.29,Laptop
7216,1483,2025-07-16,180.85,Laptop
7217,1483,2025-09-07,266.91,Laptop
7218,1483,2025-08-14,424.6,Mouse
7219,1483,2025-10-21,478.54,Phone
7220,1483,2025-03-05,830.52,Tablet
7221,1483,2025-07-26,843.7,Webcam
7222,1483,2025-02-27,567.79,Monitor
7223,1483,2025-08-22,599.72,Phone
7224,1484,2025-03-24,671.3,Tablet
7225,1484,2025-02-13,515.79,Speaker
7226,1484,2025-10-17,677.6,Monitor
7227,1484,2025-07-06,793.55,Webcam
7228,1484,2025-08-03,564.09,Charger
7229,1484,2025-09-16,158.93,Webcam
7230,1484,2025-09-17,582.81,Speaker
7231,1484,2025-09-06,667.94,Laptop
7232,1484,2025-02-14,274.46,Mouse
7233,1484,2025-03-09,237.04,Phone
7234,1485,2025-07-30,905.67,Phone
7235,1485,2025-03-27,792.22,Webcam
7236,1485,2025-08-28,121.37,Webcam
7237,1485,2025-11-28,53.58,Charger
7238,1486,2025-12-12,255.63,Speaker
7239,1486,2025-07-06,291.28,Charger
7240,1486,2025-12-23,562.61,Mouse
7241,1486,2025-10-19,725.64,Mouse
7242,1486,2025-07-30,115.94,Speaker
7243,1486,2025-12-19,585.22,Webcam
7244,1486,2025-04-24,189.91,Laptop
7245,1486,2025-05-18,885.92,Webcam
7246,1486,2025-02-23,704.99,Monitor
7247,1486,2025-04-25,836.74,Webcam
7248,1487,2025-12-22,551.33,Monitor
7249,1487,2025-06-22,936.2,Webcam
7250,1487,2025-10-23,35.36,Speaker
7251,1487,2025-03-17,516.58,Tablet
7252,1487,2026-01-17,74.11,Laptop
7253,1487,2026-01-12,161.42,Mouse
7254,1488,2025-02-25,392.08,Tablet
7255,1489,2025-03-25,584.2,Headphones
7256,1489,2025-04-07,827.26,Webcam
7257,1489,2025-01-28,282.47,Charger
7258,1489,2025-07-30,133.81,Charger
7259,1489,2025-05-23,967.98,Headphones
7260,1490,2025-06-25,539.28,Charger
7261,1490,2025-08-02,699.72,Headphones
7262,1490,2025-10-28,617.94,Webcam
7263,1490,2025-08-17,146.08,Monitor
7264,1491,2025-08-29,484.73,Charger
7265,1491,2026-01-13,450.72,Phone
7266,1491,2025-11-19,430.67,Phone
7267,1491,2025-02-16,98.29,Phone
7268,1491,2025-12-29,222.31,Phone
7269,1491,2025-05-21,590.63,Headphones
7270,1492,2025-01-22,664.57,Tablet
7271,1492,2025-11-14,998.59,Headphones
7272,1492,2025-10-15,717.59,Phone
7273,1492,2025-08-31,240.32,Speaker
7274,1492,2025-12-19,722.52,Laptop
7275,1493,2026-01-06,194.71,Headphones
7276,1493,2025-10-08,53.35,Monitor
7277,1493,2025-09-05,328.01,Charger
7278,1493,2025-03-20,103.45,Mouse
7279,1493,2025-02-25,781.96,Laptop
7280,1494,2025-07-08,366.71,Monitor
7281,1494,2025-02-04,752.97,Speaker
7282,1495,2025-05-13,269.56,Phone
7283,1495,2025-08-11,434.63,Laptop
7284,1496,2025-06-22,700.04,Monitor
7285,1496,2025-06-21,37.97,Webcam
7286,1496,2025-04-04,408.04,Phone
7287,1497,2025-11-15,758.05,Speaker
7288,1497,2025-06-03,897.61,Phone
7289,1497,2025-09-04,774.68,Tablet
7290,1497,2025-09-15,703.19,Charger
7291,1497,2025-10-17,577.5,Charger
7292,1497,2025-08-03,634.18,Charger
7293,1497,2025-01-25,545.63,Laptop
7294,1498,2025-10-09,467.11,Charger
7295,1498,2026-01-04,154.01,Monitor
7296,1498,2025-01-22,88.82,Monitor
7297,1498,2025-11-20,419.56,Phone
7298,1498,2025-05-14,789.4,Mouse
7299,1498,2025-03-05,626.32,Webcam
7300,1499,2025-06-11,382.77,Monitor
7301,1499,2025-10-18,550.46,Charger
7302,1499,2025-03-03,621.23,Headphones
7303,1499,2025-08-16,701.89,Webcam
7304,1499,2025-11-02,699.51,Charger
7305,1499,2025-02-16,445.94,Charger
7306,1499,2025-04-18,387.35,Monitor
7307,1499,2025-11-27,691.8,Phone
7308,1499,2025-03-04,334.05,Monitor
7309,1499,2025-08-15,979.11,Laptop
7310,1500,2025-07-10,132.88,Tablet
